"DESCRIPTION","DURATION IN MS","NAME","PARENT SUITE","START TIME","STATUS","STOP TIME","SUB SUITE","SUITE","TEST CLASS","TEST METHOD"
"
        Check that the 'Reload captcha' button generates a new captcha image
        and ensure the new image source is different from the original image source
        ","0","TC 17.01.16 Verify click Reload captcha button generates a new captcha image","tests","Sun Mar 22 02:08:32 UTC 2026","skipped","Sun Mar 22 02:08:32 UTC 2026","TestForgotYourPassword","test_forgot_your_password","",""
"Verify the link 'What's new' is visible and interactive","5288","TC 01.03.01 visible and interactive the link ""What is New""","tests","Sun Mar 22 02:11:06 UTC 2026","broken","Sun Mar 22 02:11:12 UTC 2026","TestHeader","test_header","",""
"Check error message on attempt to log in with empty email","5115","TC 03.02.04 Verify error on attempting to log in with empty email - Negative","tests","Sun Mar 22 02:35:31 UTC 2026","broken","Sun Mar 22 02:35:36 UTC 2026","TestLogin","test_sign_in","",""
"Check that the list of items in the Shopping Cart contains title item which was added from More Choices","0","TC 07.02.27 Verify that the list of items in the Shopping Cart is displayed correct","tests","Sun Mar 22 02:32:42 UTC 2026","broken","Sun Mar 22 02:32:42 UTC 2026","TestShoppingCartFull","test_shopping_cart","",""
"Checks if Advanced Search link is present in the DOM tree on each page specified in DATA_1","5297","TC 02.01.13 - Check Advanced Search link is present in the DOM tree on each page specified in DATA_1","tests","Sun Mar 22 02:04:40 UTC 2026","broken","Sun Mar 22 02:04:46 UTC 2026","TestFooter","test_footer","",""
"
            This test will check that the add to wishlist and add to compare buttons are visible on the screen
            ","5300","Check the display of the add to wish and add to compare buttons","tests","Sun Mar 22 02:16:34 UTC 2026","skipped","Sun Mar 22 02:16:39 UTC 2026","TestMainPage","test_main_page","",""
"Check the 'Tops' subsection in 'Men' section is displayed and the 'Jackets', 'Shorts',         'Hoodies & Sweatshirts', 'Tees' and 'Tanks' subsections is displayed","5303","TC 01.03.17 display and interactivity of the ""Tops"" section of the ""Men"" section","tests","Sun Mar 22 02:12:46 UTC 2026","broken","Sun Mar 22 02:12:52 UTC 2026","TestHeader","test_header","",""
"Check error on Failed Login with invalid credentials, case-sensitive password and password with spaces","5118","TC 03.02.02 to 03_02_10 Verify Error on Failed Login with invalid credentials","tests","Sun Mar 22 02:37:24 UTC 2026","broken","Sun Mar 22 02:37:29 UTC 2026","TestFailedLogin","test_sign_in","",""
"Check that link in section 2 block 1 'home-pants' is correct","5297","TC 13.02.02 - Check the link in section 2 block 1 'home-pants' in the Promo Block leads to the correct page","tests","Sun Mar 22 02:21:37 UTC 2026","broken","Sun Mar 22 02:21:43 UTC 2026","TestMainPage","test_main_page","",""
"Check if the captcha input field is present","0","TC 17.01.09 Verify FYP captcha input field is present","tests","Sun Mar 22 02:08:32 UTC 2026","skipped","Sun Mar 22 02:08:32 UTC 2026","TestForgotYourPassword","test_forgot_your_password","",""
"Check the list appears with sections 'My Account', 'My Wish List', 'Sign Out' after clicking the button,        then clicking on 'My Wish List' redirects to the account page with the header 'My Wish List' displayed","5294","TC 01.01.11 functionality of the ""My Wish List"" section in the dropdown list","tests","Sun Mar 22 02:13:59 UTC 2026","broken","Sun Mar 22 02:14:05 UTC 2026","TestHeader","test_header","",""
"This test checks if the image in section 2 block 3 'home-erin' is correct","219","TC 13.01.26_01 - Check correctness of the image in block 3 'home-erin' in the Promo Block","tests","Sun Mar 22 02:19:08 UTC 2026","broken","Sun Mar 22 02:19:08 UTC 2026","TestMainPage","test_main_page","",""
"Verify that the link 'Hoodies&Sweatshirts' is displayed and clickable","5315","TC 14.03.02 Verify the link 'Hoodies&Sweatshirts' is visible and clickable.","tests","Sun Mar 22 02:22:44 UTC 2026","broken","Sun Mar 22 02:22:49 UTC 2026","TestMenPage","test_men","",""
"Check that six links in Women's Deals section lead to the correct pages after click","5112","TC 10.01.03, 10.01.05, 10.01.07, 10.01.09, 10.01.11, 10.01.13 - Verify 6 links in Women's Deals open the correct pages","tests","Sun Mar 22 02:26:46 UTC 2026","broken","Sun Mar 22 02:26:51 UTC 2026","TestSalePage","test_sale","",""
"This test checks if the info block text in section 2 block 1 'home-pants' is correct
            in the Promo Block under header on the Main Page","5308","TC 13.01.19 - Check the display of the text in block 1 'home-pants' in the Promo Block","tests","Sun Mar 22 02:18:39 UTC 2026","broken","Sun Mar 22 02:18:44 UTC 2026","TestMainPage","test_main_page","",""
"Check greeting message == 'Default welcome msg!' and is visible","0","TC 01.01.01 greeting message is visible","tests","Sun Mar 22 02:09:32 UTC 2026","skipped","Sun Mar 22 02:09:32 UTC 2026","TestHeader","test_header","",""
"This test checks if the sign in info block in section 2 block 5 'home-eco' is correct
            in the Promo Block under header on the main page","207","TC 13.01.40 - Check the display of the sign in block 5 'home-eco' in the Promo Block","tests","Sun Mar 22 02:19:56 UTC 2026","broken","Sun Mar 22 02:19:56 UTC 2026","TestMainPage","test_main_page","",""
"Check if the Email input field is present","5126","TC 17.01.03 Verify FYP Email field is present","tests","Sun Mar 22 02:07:53 UTC 2026","broken","Sun Mar 22 02:07:59 UTC 2026","TestForgotYourPassword","test_forgot_your_password","",""
"Check the list appears with sections 'My Account', 'My Wish List', 'Sign Out' after clicking the button,        then clicking on 'Sign Out' redirects to the account page with the header 'You are signed out' displayed         and redirected to the Main Page after 5 seconds","5306","TC 01.01.12 functionality of the ""Sign In"" section in the dropdown list","tests","Sun Mar 22 02:14:06 UTC 2026","broken","Sun Mar 22 02:14:11 UTC 2026","TestHeader","test_header","",""
"Check that link in section 2 block 4 'home-performance' is correct","5302","TC 13.02.05 - Check the link in section 2 block 4 'home-performance' in the Promo Block leads to the correct page","tests","Sun Mar 22 02:21:57 UTC 2026","broken","Sun Mar 22 02:22:03 UTC 2026","TestMainPage","test_main_page","",""
" Verify that customer can't Create An Account with empty first name","5112","test 04.02.02 create an account with empty first name","tests","Sun Mar 22 02:01:44 UTC 2026","broken","Sun Mar 22 02:01:49 UTC 2026","TestCreateAnAccount","test_create_an_account","",""
"Checks if 'Subscribe to our mailing list' link is visible on each page specified in DATA_1","0","TC 02.01.53 - Check 'Subscribe to our mailing list' link is visible on each page specified in DATA_1","tests","Sun Mar 22 02:06:59 UTC 2026","skipped","Sun Mar 22 02:06:59 UTC 2026","TestFooter","test_footer","",""
"Checks if text on Subscribe Button is visible on each page in DATA_1","0","TC 02.01.45 - Check display of text on Subscribe Button on each page specified in DATA_1","tests","Sun Mar 22 02:06:59 UTC 2026","skipped","Sun Mar 22 02:06:59 UTC 2026","TestFooter","test_footer","",""
"Check 'Tops' subsection link click in 'Women' section redirects to the Tops-women page and         the 'Tops' header is displayed","5269","TC 01.03.06 correctness of the ""Tops"" link of the ""Women"" section","tests","Sun Mar 22 02:14:19 UTC 2026","broken","Sun Mar 22 02:14:25 UTC 2026","TestHeader","test_header","",""
"Verify that the link ""here"" redirects to the main page.","5294","tc 07.01.04 Verify that here link leads to the main page","tests","Sun Mar 22 02:30:45 UTC 2026","broken","Sun Mar 22 02:30:50 UTC 2026","TestShoppingCart","test_shopping_cart","",""
"Verify that the click on the block 'Save up to $24!' correctly redirects to a new webpage","0","TC 14.06.14 Verify the click on the block 'Save up to $24!' redirects to a correct page.","tests","Sun Mar 22 02:24:31 UTC 2026","skipped","Sun Mar 22 02:24:31 UTC 2026","TestMenPagePromoBlock","test_men","",""
"Verify that the link 'Tanks' correctly opens and redirects to a new webpage,         the header 'Tanks' is displayed","5304","TC 14.03.09 Verify the link 'Tanks' redirects to a correct page.","tests","Sun Mar 22 02:23:46 UTC 2026","broken","Sun Mar 22 02:23:51 UTC 2026","TestMenPage","test_men","",""
"Checks if Subscribe section is visible on each page in DATA_1","0","TC 02.01.39 - Check display of Subscribe section on each page specified in DATA_1","tests","Sun Mar 22 02:06:59 UTC 2026","skipped","Sun Mar 22 02:06:59 UTC 2026","TestFooter","test_footer","",""
"Check 'Shorts' subsection link click in 'Women' section redirects to the Shorts page and         the 'Shorts' header is displayed","5354","TC 01.03.14 correctness of the ""Shorts"" link of the ""Women"" section","tests","Sun Mar 22 02:15:13 UTC 2026","broken","Sun Mar 22 02:15:18 UTC 2026","TestHeader","test_header","",""
"This test check the color change when hovering over the Add to Cart button","5310","TC 06.01.09 - check the color change to add to cart button","tests","Sun Mar 22 02:15:54 UTC 2026","broken","Sun Mar 22 02:15:59 UTC 2026","TestMainPage","test_main_page","",""
"Check that 'Subscribe to our mailing list' link in footer is correct","0","TC 02.02.07 - Check 'Subscribe to our mailing list' link in footer leads to the correct page from each page specified in DATA_1","tests","Sun Mar 22 02:07:39 UTC 2026","skipped","Sun Mar 22 02:07:39 UTC 2026","TestFooter","test_footer","",""
"Check that two links in Gear Deals section lead to the correct pages after click","5115","TC 10.03.03, 10.03.05 - Verify 2 links in Gear Deals open the correct pages","tests","Sun Mar 22 02:28:45 UTC 2026","broken","Sun Mar 22 02:28:50 UTC 2026","TestSalePage","test_sale","",""
"This test checks if the image in section 2 block 4 'home-performance' is visible","205","TC 13.01.31 - Check the display of an image in block 4 'home-performance' in the Promo Block","tests","Sun Mar 22 02:19:21 UTC 2026","broken","Sun Mar 22 02:19:21 UTC 2026","TestMainPage","test_main_page","",""
"This test checks if the info block title in section 2 block 4 'home-performance' is correct
            in the Promo Block under header on the main page","166","TC 13.01.33 - Check the display of the title in block 4 'home-performance' in the Promo Block","tests","Sun Mar 22 02:19:31 UTC 2026","broken","Sun Mar 22 02:19:31 UTC 2026","TestMainPage","test_main_page","",""
"Check that Write for us link in footer is correct","0","TC 02.02.06 - Check Write for us link in footer leads to the correct page from each page specified in DATA_1","tests","Sun Mar 22 02:07:39 UTC 2026","skipped","Sun Mar 22 02:07:39 UTC 2026","TestFooter","test_footer","",""
"Verify that text-2 in 'Luma tees' block correctly displayed","0","TC 14.06.30 Verify that the 'Grab a tee or two!' text is visible.","tests","Sun Mar 22 02:24:31 UTC 2026","skipped","Sun Mar 22 02:24:31 UTC 2026","TestMenPagePromoBlock","test_men","",""
"Check Success Login with correct credentials","5115","TC 03.02.09 Verify login with valid mail containing trailing leading_spaces - Positive","tests","Sun Mar 22 02:35:50 UTC 2026","broken","Sun Mar 22 02:35:56 UTC 2026","TestLogin","test_sign_in","",""
"Check 'Sign In' link is displayed and underlined","5293","TC 01.01.04 display and interactivity of the ""Sign In"" link","tests","Sun Mar 22 02:09:46 UTC 2026","broken","Sun Mar 22 02:09:52 UTC 2026","TestHeader","test_header","",""
"Check 'Tops' subsection link click in 'Men' section redirects to the Tops-men page and         the 'Tops' header is displayed","5295","TC 01.03.18 correctness of the ""Tops"" link of the ""Men"" section","tests","Sun Mar 22 02:13:20 UTC 2026","broken","Sun Mar 22 02:13:25 UTC 2026","TestHeader","test_header","",""
" Verify presence of Password Strength hint and warning color of weak password ","5120","TC 04_02_09_13 Verify presence of strong password strength hint","tests","Sun Mar 22 02:02:44 UTC 2026","skipped","Sun Mar 22 02:02:49 UTC 2026","TestCreateAnAccount","test_create_an_account","",""
"Checks if text on Subscribe Button is visible on each page in DATA_1","0","TC 02.01.45 - Check display of text on Subscribe Button on each page specified in DATA_1","tests","Sun Mar 22 02:06:59 UTC 2026","skipped","Sun Mar 22 02:06:59 UTC 2026","TestFooter","test_footer","",""
"This test checks if info block in section 2 block 3 'home-erin' is displayed in the Promo Block
             under header on the Main Page","5311","TC 13.01.27 - Check the display of the info block in block 3 'home-erin' in the Promo Block","tests","Sun Mar 22 02:19:10 UTC 2026","broken","Sun Mar 22 02:19:15 UTC 2026","TestMainPage","test_main_page","",""
"This test checks if block 4 'home-performance' is displayed in section 2 of Promo Block under header
            on the Main Page","5306","TC 13.01.13 - Check display of block 4 'home-performance' in section 2 in the Promo Block","tests","Sun Mar 22 02:18:04 UTC 2026","broken","Sun Mar 22 02:18:09 UTC 2026","TestMainPage","test_main_page","",""
" Verify that customer can't Create An Account with incorrect confirm password","5112","test 04.02.07 create an account with incorrect confirm password","tests","Sun Mar 22 02:02:18 UTC 2026","broken","Sun Mar 22 02:02:23 UTC 2026","TestCreateAnAccount","test_create_an_account","",""
"Check 'Hoodies & Sweatshirts' subsection link click in 'Men' section redirects to the         Hoodies & Sweatshirts-men page and the 'Hoodies & Sweatshirts' header is displayed","5277","TC 01.03.20 correctness of the ""Hoodies & Sweatshirts"" link of the ""Men"" section","tests","Sun Mar 22 02:13:33 UTC 2026","broken","Sun Mar 22 02:13:38 UTC 2026","TestHeader","test_header","",""
"Verify that text-2 in 'Luma hoodies' block correctly displayed","0","TC 14.06.36 Verify that the 'Dress for fitness' text is visible.","tests","Sun Mar 22 02:24:31 UTC 2026","skipped","Sun Mar 22 02:24:31 UTC 2026","TestMenPagePromoBlock","test_men","",""
"Check Success and Failed Login, no error validation","5300","TC 03.02.01 to 03_02_10 Verify Failed Login, no error validation","tests","Sun Mar 22 02:35:57 UTC 2026","broken","Sun Mar 22 02:36:02 UTC 2026","TestFailedLogin","test_sign_in","",""
"
        The user is NOT logged in, located in the product card, section ""Reviews""
        1. All required fields are filled with correct data
        2. Pressed 3 star
        3.The ""Submit Review"" button is pressed
        Result: Present in the DOM and visible on the page the message: ""You submitted your review for moderation.
        This code works when run on Win, Mac, Ubuntu on a real laptop and has the features of working on GitHub Action.
        When interacting with the GitHub Action, it checks not for the text of the ""Success"" message, but for the ""Success"" URL""
        ","5379","TC 01_15_01 Verify possibility to vote with 3 stars","tests","Sun Mar 22 02:25:19 UTC 2026","skipped","Sun Mar 22 02:25:24 UTC 2026","TestReviews","test_reviews_page","",""
"Verify that the link 'Jackets' correctly opens and redirects to a new webpage, the header 'Jackets' is
          displayed","5298","TC 14.03.05 Verify the link 'Jackets' redirects to a correct page.","tests","Sun Mar 22 02:23:19 UTC 2026","broken","Sun Mar 22 02:23:24 UTC 2026","TestMenPage","test_men","",""
"Checks if Copyright section is visible on each page in DATA_1","5291","TC 02.01.34 - Check display of Copyright section on each page specified in DATA_1","tests","Sun Mar 22 02:06:20 UTC 2026","broken","Sun Mar 22 02:06:25 UTC 2026","TestFooter","test_footer","",""
"This test checks if block 1 'home-pants' in section 2 in Promo Block under header is clickable","5294","TC 13.01.50 - Check if block 1 'home-pants' in section 2 is clickablein the Promo Block on the main page","tests","Sun Mar 22 02:20:57 UTC 2026","broken","Sun Mar 22 02:21:03 UTC 2026","TestMainPage","test_main_page","",""
"Verify that the click on the block 'Luma shorts' correctly redirects to a new webpage","0","TC 14.06.26 Verify the click on the block 'Luma shorts' redirects to a correct page.","tests","Sun Mar 22 02:24:31 UTC 2026","skipped","Sun Mar 22 02:24:31 UTC 2026","TestMenPagePromoBlock","test_men","",""
"Checks if Email field in Subscribe section is present in the DOM tree on each page specified in DATA_1","0","TC 02.01.47 - Check Email field in Subscribe section is present in the DOM tree on each page specified in DATA_1","tests","Sun Mar 22 02:06:59 UTC 2026","skipped","Sun Mar 22 02:06:59 UTC 2026","TestFooter","test_footer","",""
"Check error message on attempt to reset password with empty captcha input field","0","TC 17.01.26 Verify error on resetting My Password with empty captcha","tests","Sun Mar 22 02:08:45 UTC 2026","skipped","Sun Mar 22 02:08:45 UTC 2026","TestForgotYourPasswordFunctionality","test_forgot_your_password","",""
"Check that bags link is correct","5318","test_TC_11_01_03","tests","Sun Mar 22 02:09:00 UTC 2026","broken","Sun Mar 22 02:09:05 UTC 2026","TestGearPage","test_gear","",""
" Verify that customer can't Create An Account with empty password","5123","test 04.02.05 create an account with empty password","tests","Sun Mar 22 02:02:04 UTC 2026","broken","Sun Mar 22 02:02:09 UTC 2026","TestCreateAnAccount","test_create_an_account","",""
"Check that two links in Gear Deals section lead to the correct pages after click","5119","TC 10.03.03, 10.03.05 - Verify 2 links in Gear Deals open the correct pages","tests","Sun Mar 22 02:28:39 UTC 2026","broken","Sun Mar 22 02:28:44 UTC 2026","TestSalePage","test_sale","",""
"Check title of Men's Deals section","5117","TC 10.02.01 - Verify 'MEN'S DEALS' title is correct","tests","Sun Mar 22 02:27:06 UTC 2026","skipped","Sun Mar 22 02:27:11 UTC 2026","TestSalePage","test_sale","",""
"Check 'Jackets' subsection link click in 'Men' section redirects to the Jackets-men page and         the 'Jackets' header is displayed","5315","TC 01.03.19 correctness of the ""Jackets"" link of the ""Men"" section","tests","Sun Mar 22 02:13:26 UTC 2026","broken","Sun Mar 22 02:13:32 UTC 2026","TestHeader","test_header","",""
"","5308","TC 14.02.02 Verify the link Tops is visible and clickable.","tests","Sun Mar 22 02:22:11 UTC 2026","broken","Sun Mar 22 02:22:16 UTC 2026","TestMenPage","test_men","",""
"Check if Email field is appropriately labeled ","5116","TC 17.01.05 Verify FYP Email field is appropriately labeled","tests","Sun Mar 22 02:08:07 UTC 2026","broken","Sun Mar 22 02:08:12 UTC 2026","TestForgotYourPassword","test_forgot_your_password","",""
"This test checks that if a product has a review, then the product card has a rating","182","test_check_card_rating","tests","Sun Mar 22 02:15:46 UTC 2026","passed","Sun Mar 22 02:15:46 UTC 2026","TestMainPage","test_main_page","",""
"Check Sidebar Video Download title has correct text and is visible","5115","TC 16.01.03 Verify Sidebar title Video Download is visible and contains text 'Video Download'","tests","Sun Mar 22 02:37:50 UTC 2026","broken","Sun Mar 22 02:37:55 UTC 2026","TestMainPage","test_training","",""
"This test checks if the info block title in section 1 'home-main' is correct
            in the Promo Block under header on the Main Page","5297","TC 13.01.07 - Check the display of the info block title in section 1 'home-main' in the Promo Block","tests","Sun Mar 22 02:17:30 UTC 2026","broken","Sun Mar 22 02:17:36 UTC 2026","TestMainPage","test_main_page","",""
"This test check the cursor change when hovering over the block training main","0","TC 16.02.06 Check the cursor change to block training main ","tests","Sun Mar 22 02:38:22 UTC 2026","skipped","Sun Mar 22 02:38:22 UTC 2026","TestMainPage","test_training","",""
"Check if 'Create an Account' button is present","5128","TC 03.01.21 Verify presence of Create an Account button ","tests","Sun Mar 22 02:35:04 UTC 2026","broken","Sun Mar 22 02:35:09 UTC 2026","TestNewCustomers","test_sign_in","",""
" Verify that Last name input field highlighted when label is clicked","5119","TC 04_01_07 Verify Last name input field highlighting on label click","tests","Sun Mar 22 02:00:31 UTC 2026","broken","Sun Mar 22 02:00:36 UTC 2026","TestCreateAnAccount","test_create_an_account","",""
"Checking title of the Style section","5321","test_tc_19_01_02","tests","Sun Mar 22 02:24:59 UTC 2026","broken","Sun Mar 22 02:25:04 UTC 2026","TestPromotionPantsPage","test_promotion_pants","",""
"Verify the link 'Training' is visible and interactive and link 'Video Download' is visible","5306","TC_01_03_32_visible_and_interactive_the_link_""Training""","tests","Sun Mar 22 02:11:00 UTC 2026","broken","Sun Mar 22 02:11:05 UTC 2026","TestHeader","test_header","",""
" Verify that customer can't Create An Account with registered email before ","5117","test 04.02.08 create an account with registered email","tests","Sun Mar 22 02:01:38 UTC 2026","broken","Sun Mar 22 02:01:43 UTC 2026","TestCreateAnAccount","test_create_an_account","",""
" Verify presence of Password Strength hint and warning color of weak password ","5115","TC 04_02_09_13 Verify presence of strong password strength hint","tests","Sun Mar 22 02:02:38 UTC 2026","skipped","Sun Mar 22 02:02:43 UTC 2026","TestCreateAnAccount","test_create_an_account","",""
"This test checks if the image in section 2 block 3 'home-erin' is visible","201","TC 13.01.26 - Check the display of an image in block 3 'home-erin' in the Promo Block","tests","Sun Mar 22 02:19:07 UTC 2026","broken","Sun Mar 22 02:19:07 UTC 2026","TestMainPage","test_main_page","",""
"Check that Privacy and Cookie Policy link in footer is correct","5299","TC 02.02.02 - Check Privacy and Cookie Policy link in footer leads to the correct page from each page specified in DATA_1","tests","Sun Mar 22 02:07:00 UTC 2026","broken","Sun Mar 22 02:07:05 UTC 2026","TestFooter","test_footer","",""
"This test check the cursor change when hovering over the block training on demand","0","TC 16.02.08 Check the cursor change to block training on demand","tests","Sun Mar 22 02:38:22 UTC 2026","skipped","Sun Mar 22 02:38:22 UTC 2026","TestMainPage","test_training","",""
"Check that Bags is displayed and enabled","5304","test_tc_11_01_02","tests","Sun Mar 22 02:08:53 UTC 2026","broken","Sun Mar 22 02:08:58 UTC 2026","TestGearPage","test_gear","",""
"Check that five elements in Men's Deals section are displayed and enabled","5113","TC 10.02.02, 10.02.04, 10.02.06, 10.02.08, 10.02.10 - Verify 5 links in Men's Deals section are visible and clickable","tests","Sun Mar 22 02:27:19 UTC 2026","broken","Sun Mar 22 02:27:24 UTC 2026","TestSalePage","test_sale","",""
"Check that link in section 2 block 3 'home-erin' is correct","5282","TC 13.02.04 - Check the link in section 2 block 3 'home-erin' in the Promo Block leads to the correct page","tests","Sun Mar 22 02:21:51 UTC 2026","broken","Sun Mar 22 02:21:56 UTC 2026","TestMainPage","test_main_page","",""
" Verify presence of Password Strength hint and warning color of weak password ","5118","TC 04_02_09_13 Verify presence of strong password strength hint","tests","Sun Mar 22 02:02:51 UTC 2026","skipped","Sun Mar 22 02:02:56 UTC 2026","TestCreateAnAccount","test_create_an_account","",""
"This test check the cursor change when hovering over the cart buttons","5298","test_tc_06_01_10_check_the_cursor_change_to_cart_button[add_to_card]","tests","Sun Mar 22 02:16:01 UTC 2026","broken","Sun Mar 22 02:16:06 UTC 2026","TestMainPage","test_main_page","",""
"Check Shop By title is visible","5327","TC 12.01.01 Check side panel title Shop By is visible","tests","Sun Mar 22 02:39:05 UTC 2026","broken","Sun Mar 22 02:39:10 UTC 2026","TestWomenPage","test_women","",""
"This test checks if 'Contact us' link is clickable on each page specified in DATA_1","0","TC 02.01.25 - Check if 'Contact us' link is clickable on each page specified in DATA_1","tests","Sun Mar 22 02:06:06 UTC 2026","skipped","Sun Mar 22 02:06:06 UTC 2026","TestFooter","test_footer","",""
"Verify that the section Women in the header is visible and interactive","5115","TC 01.03.03 display and interactivity of the ""Women"" section","tests","Sun Mar 22 02:11:13 UTC 2026","broken","Sun Mar 22 02:11:18 UTC 2026","TestHeader","test_header","",""
"Check if the 'Reload captcha' button is present","0","TC 17.01.14 Verify Reload captcha button is present","tests","Sun Mar 22 02:08:32 UTC 2026","skipped","Sun Mar 22 02:08:32 UTC 2026","TestForgotYourPassword","test_forgot_your_password","",""
"This test checks if info block in section 2 block 2 'home-t-shirts' is displayed
            in the Promo Block under header on the main page","5299","TC 13.01.22 - Check the display of the info block in block 2 't-shirts' in the Promo Block","tests","Sun Mar 22 02:18:55 UTC 2026","broken","Sun Mar 22 02:19:00 UTC 2026","TestMainPage","test_main_page","",""
"Checks if text of 'Contact us' link is correct on each page in DATA_1","0","TC 02.01.27 - Check text of 'Contact us' link on each page specified in DATA_1","tests","Sun Mar 22 02:06:06 UTC 2026","skipped","Sun Mar 22 02:06:06 UTC 2026","TestFooter","test_footer","",""
"Check if Email field is appropriately labeled ","0","TC 17.01.11 Verify FYP captcha input field is appropriately labeled","tests","Sun Mar 22 02:08:32 UTC 2026","skipped","Sun Mar 22 02:08:32 UTC 2026","TestForgotYourPassword","test_forgot_your_password","",""
"Verify that the image in the block 'Save up to $24!' is displayed on the Men page","0","TC 14.06.10 Verify the visibility of the image in the 'Save up to $24!' promo block.","tests","Sun Mar 22 02:24:31 UTC 2026","skipped","Sun Mar 22 02:24:31 UTC 2026","TestMenPagePromoBlock","test_men","",""
"This test checks if Advanced Search link is clickable on each page specified in DATA_1","5304","TC 02.01.15 - Check if Advanced Search link is clickable on each page specified in DATA_1","tests","Sun Mar 22 02:05:07 UTC 2026","broken","Sun Mar 22 02:05:12 UTC 2026","TestFooter","test_footer","",""
"Check Sidebar Category title has correct text and is visible","5115","TC 16.01.02 Verify Sidebar panel title Category is visible and contains text 'Category'","tests","Sun Mar 22 02:37:43 UTC 2026","broken","Sun Mar 22 02:37:49 UTC 2026","TestMainPage","test_training","",""
"Verify that the link 'Tees' is displayed and clickable","5306","TC 14.03.06 Verify the link 'Tees' is visible and clickable.","tests","Sun Mar 22 02:23:26 UTC 2026","broken","Sun Mar 22 02:23:31 UTC 2026","TestMenPage","test_men","",""
"Checks if Search Terms link is visible on each page in DATA_1","5284","TC 02.01.04 - Check display of Search Terms link on each page specified in DATA_1","tests","Sun Mar 22 02:03:24 UTC 2026","broken","Sun Mar 22 02:03:29 UTC 2026","TestFooter","test_footer","",""
"Checks if the Search Terms link is present in the DOM tree on each page specified in DATA_1","5298","TC 02.01.03 - Check Search Terms link is present in the DOM tree on each page specified in DATA_1","tests","Sun Mar 22 02:03:17 UTC 2026","broken","Sun Mar 22 02:03:22 UTC 2026","TestFooter","test_footer","",""
"Check that button 'Apply Discount' is displayed correct","0","tc 07.02.26 Verify the button 'Apply Discount' is displayed correct","tests","Sun Mar 22 02:32:29 UTC 2026","broken","Sun Mar 22 02:32:29 UTC 2026","TestShoppingCartFull","test_shopping_cart","",""
"Check New Customers Heading is present ","5112","TC 03.01.19 Verify New Customers Heading","tests","Sun Mar 22 02:34:51 UTC 2026","broken","Sun Mar 22 02:34:56 UTC 2026","TestNewCustomers","test_sign_in","",""
"Checks if Privacy and Cookie Policy link is present in the DOM tree on each page specified in DATA_1","5295","TC 02.01.08 - Check Privacy and Cookie Policy link is present in the DOM tree on each page specified in DATA_1","tests","Sun Mar 22 02:04:04 UTC 2026","broken","Sun Mar 22 02:04:09 UTC 2026","TestFooter","test_footer","",""
"Check if the displayed email matches the entered email in Email field","5116","TC 03.01.08 Verify displayed email matches the entered email in Email field","tests","Sun Mar 22 02:33:38 UTC 2026","broken","Sun Mar 22 02:33:43 UTC 2026","TestRegisteredCustomers","test_sign_in","",""
"Check img existence of 3rd column in 3-columns Promo Block section","5111","TC 10.04.14 - Verify that the sale-women-t-shirts contains an image","tests","Sun Mar 22 02:30:05 UTC 2026","broken","Sun Mar 22 02:30:10 UTC 2026","TestSalePage","test_sale","",""
"
        The user is NOT logged in, located in the product card, section ""Reviews""
        1. All required fields are filled with correct data
        2. Pressed 2 star
        3.The ""Submit Review"" button is pressed
        Result: Present in the DOM and visible on the page the message: ""You submitted your review for moderation.
        This code works when run on Win, Mac, Ubuntu on a real laptop and has the features of working on GitHub Action.
        When interacting with the GitHub Action, it checks not for the text of the ""Success"" message, but for the ""Success"" URL""
        ","5282","TC 01_15_01 Verify possibility to vote with 2 stars","tests","Sun Mar 22 02:25:12 UTC 2026","skipped","Sun Mar 22 02:25:18 UTC 2026","TestReviews","test_reviews_page","",""
"Checks if the footer is present in the DOM tree on each page specified in DATA_1","0","TC 02.01.01 - Check Footer is present in the DOM tree on each page specified in DATA_1","tests","Sun Mar 22 02:02:56 UTC 2026","skipped","Sun Mar 22 02:02:56 UTC 2026","TestFooter","test_footer","",""
"This test check the cursor change when hovering over the cart buttons","5297","test_tc_06_01_10_check_the_cursor_change_to_cart_button[add_to_wish_list]","tests","Sun Mar 22 02:16:07 UTC 2026","broken","Sun Mar 22 02:16:13 UTC 2026","TestMainPage","test_main_page","",""
"This test checks if the image in section 2 block 1 'home-pants' is visible","5319","TC 13.01.15 - Check the display of an image in block 1 'home-pants' in the Promo Block","tests","Sun Mar 22 02:18:17 UTC 2026","broken","Sun Mar 22 02:18:22 UTC 2026","TestMainPage","test_main_page","",""
" Verify that customer can't Create An Account with empty last name","5114","test 04.02.03 create an account with empty last name","tests","Sun Mar 22 02:01:51 UTC 2026","broken","Sun Mar 22 02:01:56 UTC 2026","TestCreateAnAccount","test_create_an_account","",""
"This test checks if Promo Block under header is displayed on the Main Page","5307","TC 13.01.01 - Check the display of the Promo Block under header on the Main Page","tests","Sun Mar 22 02:17:02 UTC 2026","broken","Sun Mar 22 02:17:07 UTC 2026","TestMainPage","test_main_page","",""
"Checks if placeholder in Subscribe Email Field is visible on each page in DATA_1","0","TC 02.01.50 - Check display of placeholder in Subscribe Email Field on each page specified in DATA_1","tests","Sun Mar 22 02:06:59 UTC 2026","skipped","Sun Mar 22 02:06:59 UTC 2026","TestFooter","test_footer","",""
"This test checks if block 4 'home-performance' in section 2 in the Promo Block is present
            in the DOM tree on the main page","5298","TC 13.01.47 - Check block 4 'home-performance' in section 2 of the Promo Block is present in the DOM tree","tests","Sun Mar 22 02:20:37 UTC 2026","broken","Sun Mar 22 02:20:43 UTC 2026","TestMainPage","test_main_page","",""
"Check that Apply Discount Code is displayed.","0","tc 07.02.24 Verify the Apply Discount Code is displayed","tests","Sun Mar 22 02:32:22 UTC 2026","broken","Sun Mar 22 02:32:22 UTC 2026","TestShoppingCartFull","test_shopping_cart","",""
"Verify that the link 'Bottoms' correctly opens and redirects to a new webpage, the header 'Bottoms' is
          displayed","5307","TC 14.02.05 Verify the link 'Bottoms' redirects to a correct page.","tests","Sun Mar 22 02:22:31 UTC 2026","broken","Sun Mar 22 02:22:36 UTC 2026","TestMenPage","test_men","",""
"Checks if Orders and Returns link is present in the DOM tree on each page specified in DATA_1","5317","TC 02.01.18 - Check Orders and Returns link is present in the DOM tree on each page specified in DATA_1","tests","Sun Mar 22 02:05:23 UTC 2026","broken","Sun Mar 22 02:05:29 UTC 2026","TestFooter","test_footer","",""
" Verify presence of Last name label and the required asterisk ","5121","TC 04_01_06 Verify presence of Last name label and the required asterisk","tests","Sun Mar 22 02:00:24 UTC 2026","broken","Sun Mar 22 02:00:30 UTC 2026","TestCreateAnAccount","test_create_an_account","",""
"Check that link in section 2 block 2 'home-t-shirts' is correct","5320","TC 13.02.03 - Check the link in section 2 block 2 'home-t-shirts' in the Promo Block leads to the correct page","tests","Sun Mar 22 02:21:44 UTC 2026","broken","Sun Mar 22 02:21:49 UTC 2026","TestMainPage","test_main_page","",""
"Check that Contact Us link in footer is correct","0","TC 02.02.05 - Check Contact Us link in footer leads to the correct page from each page specified in DATA_1","tests","Sun Mar 22 02:07:39 UTC 2026","skipped","Sun Mar 22 02:07:39 UTC 2026","TestFooter","test_footer","",""
"Verify that the header 'Men' is displayed","5298","TC 14.06.01 Verify the 'Men' header is displayed","tests","Sun Mar 22 02:24:26 UTC 2026","broken","Sun Mar 22 02:24:31 UTC 2026","TestMenPagePromoBlock","test_men","",""
"Checks if Copyright section is visible on each page in DATA_1","5308","TC 02.01.34 - Check display of Copyright section on each page specified in DATA_1","tests","Sun Mar 22 02:06:27 UTC 2026","broken","Sun Mar 22 02:06:32 UTC 2026","TestFooter","test_footer","",""
"This test checks if the image in section 2 block 5 'home-eco' is visible","207","TC 13.01.36 - Check the display of an image in block 5 'home-eco' in the Promo Block","tests","Sun Mar 22 02:19:43 UTC 2026","broken","Sun Mar 22 02:19:43 UTC 2026","TestMainPage","test_main_page","",""
"Checks if text of 'Subscribe to our mailing list' link is correct on each page in DATA_1","0","TC 02.01.56 - Check text of 'Subscribe to our mailing list' link on each page specified in DATA_1","tests","Sun Mar 22 02:06:59 UTC 2026","skipped","Sun Mar 22 02:06:59 UTC 2026","TestFooter","test_footer","",""
"Verify the link 'Fitness Equipment' redirected to the page and the 'Fitness Equipment' header is displayed","5311","TC 01.03.30 correctly redirected the link ""Gear - Fitness Equipment""","tests","Sun Mar 22 02:12:26 UTC 2026","broken","Sun Mar 22 02:12:32 UTC 2026","TestHeader","test_header","",""
"Verify that text-3 in 'Last chance for pants' block correctly displayed","0","TC 14.06.19 Verify that the 'Shop Pants' text is visible.","tests","Sun Mar 22 02:24:31 UTC 2026","skipped","Sun Mar 22 02:24:31 UTC 2026","TestMenPagePromoBlock","test_men","",""
"Check that five elements in Men's Deals section are displayed and enabled","5126","TC 10.02.02, 10.02.04, 10.02.06, 10.02.08, 10.02.10 - Verify 5 links in Men's Deals section are visible and clickable","tests","Sun Mar 22 02:27:26 UTC 2026","broken","Sun Mar 22 02:27:31 UTC 2026","TestSalePage","test_sale","",""
"Check if Note is present under New Customers Heading","5114","TC 03.01.20 Verify New Customers note","tests","Sun Mar 22 02:34:57 UTC 2026","broken","Sun Mar 22 02:35:02 UTC 2026","TestNewCustomers","test_sign_in","",""
"Check if the password input field is of correct format (input-text) and clickable","5113","TC 03.01.10 Verify Password field is correct format and clickable","tests","Sun Mar 22 02:33:51 UTC 2026","broken","Sun Mar 22 02:33:56 UTC 2026","TestRegisteredCustomers","test_sign_in","",""
" Verify that First name input field highlighted when clicked","5116","TC 04_01_05 Verify First name input field highlighting on click","tests","Sun Mar 22 02:00:18 UTC 2026","broken","Sun Mar 22 02:00:23 UTC 2026","TestCreateAnAccount","test_create_an_account","",""
"Check if the displayed email matches the entered email in Email field","5112","TC 17.01.07 Verify displayed email matches the entered email in FYP Email field","tests","Sun Mar 22 02:08:20 UTC 2026","broken","Sun Mar 22 02:08:25 UTC 2026","TestForgotYourPassword","test_forgot_your_password","",""
"Check if the Email input field is present","5114","TC 03.01.04 Verify Email field is present","tests","Sun Mar 22 02:33:11 UTC 2026","broken","Sun Mar 22 02:33:16 UTC 2026","TestRegisteredCustomers","test_sign_in","",""
"Verify 'Training - Video Download' link click redirected to the 'Video Download' page
            and the 'Video Download' header is displayed","5316","TC 01.03.34 correctly redirected the link ""Training Video Download""","tests","Sun Mar 22 02:10:53 UTC 2026","broken","Sun Mar 22 02:10:58 UTC 2026","TestHeader","test_header","",""
"Check if the Email input is of correct format (input-text) and clickable","5113","TC 03.01.05 Verify Email field is correct format and clickable","tests","Sun Mar 22 02:33:18 UTC 2026","broken","Sun Mar 22 02:33:23 UTC 2026","TestRegisteredCustomers","test_sign_in","",""
"Check that five links in Men's Deals section lead to the correct pages after click","5119","TC 10.02.03, 10.02.05, 10.02.07, 10.02.09, 10.02.11 - Verify 5 links in Men's Deals open the correct pages","tests","Sun Mar 22 02:28:05 UTC 2026","broken","Sun Mar 22 02:28:11 UTC 2026","TestSalePage","test_sale","",""
"This test checks if the info block text in section 2 block 5 'home-eco' is correct
            in the Promo Block under header on the main page","205","TC 13.01.39 - Check the display of the text in block 5 'home-eco' in the Promo Block","tests","Sun Mar 22 02:19:54 UTC 2026","broken","Sun Mar 22 02:19:54 UTC 2026","TestMainPage","test_main_page","",""
"Check Success and Failed Login, no error validation","5302","TC 03.02.01 to 03_02_10 Verify Failed Login, no error validation","tests","Sun Mar 22 02:36:57 UTC 2026","broken","Sun Mar 22 02:37:02 UTC 2026","TestFailedLogin","test_sign_in","",""
"Verify message ""We can not find products matching the selection."" is visible","5304","TC 18.02.02 Verify message ""We can not find products matching the selection."" is visible","tests","Sun Mar 22 02:38:58 UTC 2026","broken","Sun Mar 22 02:39:03 UTC 2026","TestTrainingVideoDownload","test_training_video_download","",""
"This test checks block-promo training-erin is displayed","0","TC 16.02.03 - Check the display of block 2 erin","tests","Sun Mar 22 02:38:22 UTC 2026","skipped","Sun Mar 22 02:38:22 UTC 2026","TestMainPage","test_training","",""
" Verify that Email input field highlighted when clicked","5127","TC 04_01_12 Verify Email input field highlighting on click","tests","Sun Mar 22 02:00:58 UTC 2026","broken","Sun Mar 22 02:01:03 UTC 2026","TestCreateAnAccount","test_create_an_account","",""
"Checks if 'Subscribe to our mailing list' link is present in the DOM tree on each page
        specified in DATA_1","0","TC 02.01.52 - Check 'Subscribe to our mailing list' link is present in the DOM tree on each page specified in DATA_1","tests","Sun Mar 22 02:06:59 UTC 2026","skipped","Sun Mar 22 02:06:59 UTC 2026","TestFooter","test_footer","",""
" Verify that Sign in Information heading is present","5118","TC 04_01_10 Verify Sign in Information heading","tests","Sun Mar 22 02:00:44 UTC 2026","broken","Sun Mar 22 02:00:49 UTC 2026","TestCreateAnAccount","test_create_an_account","",""
"Check if the password input field is present","5118","TC 03.01.09 Verify Password field is present","tests","Sun Mar 22 02:33:44 UTC 2026","broken","Sun Mar 22 02:33:49 UTC 2026","TestRegisteredCustomers","test_sign_in","",""
"Check that Search Terms link in footer is correct","0","TC 02.02.01 - Check Search Terms link in footer leads to the correct page from each page specified in DATA_1","tests","Sun Mar 22 02:06:59 UTC 2026","skipped","Sun Mar 22 02:06:59 UTC 2026","TestFooter","test_footer","",""
"Check img existence of Men's Deals section","5117","TC 10.04.04 - Verify that the Men's Deals contains an image","tests","Sun Mar 22 02:28:59 UTC 2026","broken","Sun Mar 22 02:29:04 UTC 2026","TestSalePage","test_sale","",""
"Verify Order Total in Summary: Order Total = Subtotal - Discount + Tax and displayed correctly.","0","tc 07.02.23 Verify Order Total in Summury displayed correctly.","tests","Sun Mar 22 02:31:43 UTC 2026","broken","Sun Mar 22 02:31:43 UTC 2026","TestShoppingCartFull","test_shopping_cart","",""
"Verify the link 'Gear' is visible and interactive","5293","TC 01.03.27 visible and interactive the link ""Gear""","tests","Sun Mar 22 02:11:33 UTC 2026","broken","Sun Mar 22 02:11:38 UTC 2026","TestHeader","test_header","",""
"Check Registered Customers Heading is present ","5116","TC 03.01.02 Verify Registered Customers Heading","tests","Sun Mar 22 02:32:58 UTC 2026","broken","Sun Mar 22 02:33:03 UTC 2026","TestRegisteredCustomers","test_sign_in","",""
"Verify that the link 'Pants' is displayed and clickable","5324","TC 14.04.02 Verify the link 'Pants' is visible and clickable.","tests","Sun Mar 22 02:23:59 UTC 2026","broken","Sun Mar 22 02:24:04 UTC 2026","TestMenPage","test_men","",""
"Checks if text of Search Terms link is correct on each page in DATA_1","0","TC 02.01.07 - Check text of Search Terms link on each page specified in DATA_1","tests","Sun Mar 22 02:03:56 UTC 2026","skipped","Sun Mar 22 02:03:56 UTC 2026","TestFooter","test_footer","",""
" Verify presence of Confirm Password label and the required asterisk ","5117","TC 04_01_16 Verify presence of Confirm Password label and the required asterisk","tests","Sun Mar 22 02:01:24 UTC 2026","broken","Sun Mar 22 02:01:29 UTC 2026","TestCreateAnAccount","test_create_an_account","",""
"Checks if text on Subscribe Button is correct on each page in DATA_1","0","TC 02.01.46 - Check text on Subscribe Button on each page specified in DATA_1","tests","Sun Mar 22 02:06:59 UTC 2026","skipped","Sun Mar 22 02:06:59 UTC 2026","TestFooter","test_footer","",""
"This test checks if the sign in info block in section 2 block 1 'home-pants' is correct
            in the Promo Block under header on the Main Page","5308","TC 13.01.20 - Check the display of the sign in block 1 'home-pants' in the Promo Block","tests","Sun Mar 22 02:18:45 UTC 2026","broken","Sun Mar 22 02:18:51 UTC 2026","TestMainPage","test_main_page","",""
"Check 'Bottoms' subsection link in 'Women' section click redirects to the Bottoms page and         the 'Bottoms' header is displayed","5303","TC 01.03.12 correctness of the ""Bottoms"" link of the ""Women"" section","tests","Sun Mar 22 02:14:59 UTC 2026","broken","Sun Mar 22 02:15:05 UTC 2026","TestHeader","test_header","",""
"Checks if text of placeholder in Subscribe Email Field is correct on each page in DATA_1","0","TC 02.01.51 - Check text of placeholder in Subscribe Email Field on each page specified in DATA_1","tests","Sun Mar 22 02:06:59 UTC 2026","skipped","Sun Mar 22 02:06:59 UTC 2026","TestFooter","test_footer","",""
"This test checks ""Orders and Returns"" header is visible and has correct text","5115","TC 05.01.01 - Verify that 'Order and Returns' Page Heading is present","tests","Sun Mar 22 02:24:33 UTC 2026","broken","Sun Mar 22 02:24:38 UTC 2026","TestOrdersAndReturnsPage","test_orders_and_returns","",""
"Checks if Subscribe section is present in the DOM tree on each page specified in DATA_1","0","TC 02.01.38 - Check Subscribe section is present in the DOM tree on each page specified in DATA_1","tests","Sun Mar 22 02:06:59 UTC 2026","skipped","Sun Mar 22 02:06:59 UTC 2026","TestFooter","test_footer","",""
"Check img existence of Gear Deals section","5114","TC 10.04.07 - Verify that the Gear Deals contains an image","tests","Sun Mar 22 02:29:05 UTC 2026","broken","Sun Mar 22 02:29:10 UTC 2026","TestSalePage","test_sale","",""
"Check that link in section 1 is correct","5316","TC 13.02.01 - Check the section 1 link in the Promo Block leads to the correct page","tests","Sun Mar 22 02:21:31 UTC 2026","broken","Sun Mar 22 02:21:36 UTC 2026","TestMainPage","test_main_page","",""
"Verify the link 'Bags' redirected to the page and the 'Bags' header is displayed","5298","TC 01.03.29 correctly redirected the link ""Gear - Bags""","tests","Sun Mar 22 02:12:20 UTC 2026","broken","Sun Mar 22 02:12:25 UTC 2026","TestHeader","test_header","",""
" Verify that Last name input field highlighted when clicked","5115","TC 04_01_08 Verify Last name input field highlighting on click","tests","Sun Mar 22 02:00:38 UTC 2026","broken","Sun Mar 22 02:00:43 UTC 2026","TestCreateAnAccount","test_create_an_account","",""
"Check img existence of 2nd column in 3-columns Promo Block section","5114","TC 10.04.12 - Verify that the sale-free-shipping contains an image","tests","Sun Mar 22 02:29:58 UTC 2026","broken","Sun Mar 22 02:30:03 UTC 2026","TestSalePage","test_sale","",""
"Verify that text-3 in 'Luma shorts' block correctly displayed","0","TC 14.06.25 Verify that the 'Shop Shorts' text is visible.","tests","Sun Mar 22 02:24:31 UTC 2026","skipped","Sun Mar 22 02:24:31 UTC 2026","TestMenPagePromoBlock","test_men","",""
"Verify the link 'Fitness Equipment' redirected to the page and the 'Fitness Equipment' header is displayed","5307","TC 01.03.31 correctly redirected the link ""Gear - Watches""","tests","Sun Mar 22 02:12:33 UTC 2026","broken","Sun Mar 22 02:12:38 UTC 2026","TestHeader","test_header","",""
"Check 'Create an account' link click redirects to the account’s registration page and         the ""Create New Customer Account"" header is displayed","5285","TC 01.01.03 correctness of the ""Create an account"" link","tests","Sun Mar 22 02:09:40 UTC 2026","broken","Sun Mar 22 02:09:45 UTC 2026","TestHeader","test_header","",""
"Check Success and Failed Login, no error validation","5312","TC 03.02.01 to 03_02_10 Verify Failed Login, no error validation","tests","Sun Mar 22 02:36:30 UTC 2026","broken","Sun Mar 22 02:36:35 UTC 2026","TestFailedLogin","test_sign_in","",""
"This test checks if the info block title in section 2 block 5 'home-eco' is correct
            in the Promo Block under header on the main page","220","TC 13.01.38 - Check the display of the title in block 5 'home-eco' in the Promo Block","tests","Sun Mar 22 02:19:52 UTC 2026","broken","Sun Mar 22 02:19:53 UTC 2026","TestMainPage","test_main_page","",""
"Check that the 'Reload captcha' button is clickable","0","TC 17.01.15 Verify Reload captcha button is clickable","tests","Sun Mar 22 02:08:32 UTC 2026","skipped","Sun Mar 22 02:08:32 UTC 2026","TestForgotYourPassword","test_forgot_your_password","",""
"This test checks if the image in section 2 block 2 'home-t-shirts' is correct","196","TC 13.01.21_01 - Check correctness of the image in block 2 'home-t-shirts' in the Promo Block","tests","Sun Mar 22 02:18:53 UTC 2026","broken","Sun Mar 22 02:18:54 UTC 2026","TestMainPage","test_main_page","",""
"Checks if Subscribe section is present in the DOM tree on each page specified in DATA_1","0","TC 02.01.38 - Check Subscribe section is present in the DOM tree on each page specified in DATA_1","tests","Sun Mar 22 02:06:59 UTC 2026","skipped","Sun Mar 22 02:06:59 UTC 2026","TestFooter","test_footer","",""
"Checks if Subscribe Email Field is visible on each page in DATA_1","0","TC 02.01.48 - Check display of Subscribe Email Field on each page specified in DATA_1","tests","Sun Mar 22 02:06:59 UTC 2026","skipped","Sun Mar 22 02:06:59 UTC 2026","TestFooter","test_footer","",""
"This test checks block-promo training-on-demand is displayed","0","TC 16.02.04 - Check the display of block 3 on demand","tests","Sun Mar 22 02:38:22 UTC 2026","skipped","Sun Mar 22 02:38:22 UTC 2026","TestMainPage","test_training","",""
"Check that table headers in item cart are visible","0","test_tc_07_02_02_Verify_table_headers_in_item_cart_are_visible[t_header3]","tests","Sun Mar 22 02:32:15 UTC 2026","broken","Sun Mar 22 02:32:15 UTC 2026","TestShoppingCartFull","test_shopping_cart","",""
"This test checks if block 3 'home-erin' in section 2 in the Promo Block is present
            in the DOM tree on the main page","5296","TC 13.01.46 - Check block 3 'home-erin' in section 2 of the Promo Block is present in the DOM tree","tests","Sun Mar 22 02:20:31 UTC 2026","broken","Sun Mar 22 02:20:36 UTC 2026","TestMainPage","test_main_page","",""
"Checks if Privacy and Cookie Policy link is present in the DOM tree on each page specified in DATA_1","5305","TC 02.01.08 - Check Privacy and Cookie Policy link is present in the DOM tree on each page specified in DATA_1","tests","Sun Mar 22 02:03:57 UTC 2026","broken","Sun Mar 22 02:04:02 UTC 2026","TestFooter","test_footer","",""
"This test checks the color change of the add to wishlist button and add to compare button on hover","5302","test_tc_06_01_12_the_color_change_my_wish_and_add_to_compare_button[add_to_wish_list]","tests","Sun Mar 22 02:16:21 UTC 2026","broken","Sun Mar 22 02:16:26 UTC 2026","TestMainPage","test_main_page","",""
"Verify that the block 'Save up to $24!' is displayed on the Men page","0","TC 14.06.09 Verify the visibility of 'Save up to $24!' promo block.","tests","Sun Mar 22 02:24:31 UTC 2026","skipped","Sun Mar 22 02:24:31 UTC 2026","TestMenPagePromoBlock","test_men","",""
"This test checks if the image in section 1 'home-main' is correct","196","TC 13.01.04 - Check correctness of the image in section 1 'home-main' in the Promo Block","tests","Sun Mar 22 02:17:22 UTC 2026","broken","Sun Mar 22 02:17:22 UTC 2026","TestMainPage","test_main_page","",""
"Check 'Tanks' subsection link click in 'Men' section redirects to the Tanks-men page and         the 'Tanks' header is displayed","5307","TC 01.03.22 correctness of the ""Tanks"" link of the ""Men"" section","tests","Sun Mar 22 02:13:46 UTC 2026","broken","Sun Mar 22 02:13:52 UTC 2026","TestHeader","test_header","",""
"Check img existence of 1st column in 3-columns Promo Block section","5114","TC 10.04.10 - Verify that the sale-20-off contains an image","tests","Sun Mar 22 02:29:52 UTC 2026","broken","Sun Mar 22 02:29:57 UTC 2026","TestSalePage","test_sale","",""
"Check title-text and content-text in 3-columns block - sale-women-t-shirts","5117","TC 10.04.15 - Verify the text in 3-columns block - sale-women-t-shirts","tests","Sun Mar 22 02:30:25 UTC 2026","broken","Sun Mar 22 02:30:30 UTC 2026","TestSalePage","test_sale","",""
"This test checks that the card has title","5310","test_verify_the_card_has_title","tests","Sun Mar 22 02:15:26 UTC 2026","broken","Sun Mar 22 02:15:31 UTC 2026","TestMainPage","test_main_page","",""
"Verify the link 'What's new' redirected to the page and the 'What's new' header is displayed","5302","TC 01.03.02 correctly redirected the_link ""What is New""","tests","Sun Mar 22 02:11:26 UTC 2026","broken","Sun Mar 22 02:11:32 UTC 2026","TestHeader","test_header","",""
"Check that two links in Gear Deals section lead to the correct pages after click","5114","TC 10.04.03, 10.04.06, 10.04.09 - Verify that links in Main block, 2 columns block open the correct pages","tests","Sun Mar 22 02:29:32 UTC 2026","broken","Sun Mar 22 02:29:37 UTC 2026","TestSalePage","test_sale","",""
"Check that six elements in Women's Deals section are displayed and enabled","5115","TC 10.01.02, 10.01.04, 10.01.06, 10.01.08, 10.01.10, 10.01.12 - Verify 6 links in Women's Deals section are visible and clickable","tests","Sun Mar 22 02:25:46 UTC 2026","broken","Sun Mar 22 02:25:51 UTC 2026","TestSalePage","test_sale","",""
"This test checks if 'Subscribe to our mailing list' link is clickable on each page specified in DATA_1","0","TC 02.01.54 - Check if 'Subscribe to our mailing list' link is clickable on each page specified in DATA_1","tests","Sun Mar 22 02:06:59 UTC 2026","skipped","Sun Mar 22 02:06:59 UTC 2026","TestFooter","test_footer","",""
" Verify that Personal Information heading is present ","5124","TC 04_01_02 Verify Personal Information heading","tests","Sun Mar 22 01:59:58 UTC 2026","broken","Sun Mar 22 02:00:03 UTC 2026","TestCreateAnAccount","test_create_an_account","",""
"Check title-text and content-text in main block - Women's Deals","5117","TC 10.04.02 - Verify the text in main block - Women's Deals","tests","Sun Mar 22 02:29:12 UTC 2026","broken","Sun Mar 22 02:29:17 UTC 2026","TestSalePage","test_sale","",""
"Checks if Copyright text is present in the DOM tree on each page specified in DATA_1","5297","TC 02.01.35 - Check Copyright text is present in the DOM tree on each page specified in DATA_1","tests","Sun Mar 22 02:06:33 UTC 2026","broken","Sun Mar 22 02:06:39 UTC 2026","TestFooter","test_footer","",""
"Checks if Orders and Returns link is visible on each page in DATA_1","5300","TC 02.01.19 - Check display of Orders and Returns link on each page specified in DATA_1","tests","Sun Mar 22 02:05:37 UTC 2026","broken","Sun Mar 22 02:05:42 UTC 2026","TestFooter","test_footer","",""
"Check if 'Create an Account' button has correct link and is clickable","5116","TC 03.01.22 Verify Create an Account button link","tests","Sun Mar 22 02:35:11 UTC 2026","broken","Sun Mar 22 02:35:16 UTC 2026","TestNewCustomers","test_sign_in","",""
"Check title-text and content-text in 3-columns block - sale-free-shipping","5118","TC 10.04.13 - Verify the text in 3-columns block - sale-free-shipping","tests","Sun Mar 22 02:30:18 UTC 2026","broken","Sun Mar 22 02:30:23 UTC 2026","TestSalePage","test_sale","",""
"Checks if 'Contact us' link is present in the DOM tree on each page specified in DATA_1","0","TC 02.01.23 - Check 'Contact us' link is present in the DOM tree on each page specified in DATA_1","tests","Sun Mar 22 02:06:06 UTC 2026","skipped","Sun Mar 22 02:06:06 UTC 2026","TestFooter","test_footer","",""
" Verify that Password input field highlighted when clicked","5114","TC 04_01_14 Verify Password input field highlighting on click","tests","Sun Mar 22 02:01:11 UTC 2026","broken","Sun Mar 22 02:01:16 UTC 2026","TestCreateAnAccount","test_create_an_account","",""
"Checks if Footer is visible on each page specified in DATA_1","5295","TC 02.01.02 - Check Footer display on each page specified in DATA_1","tests","Sun Mar 22 02:03:04 UTC 2026","broken","Sun Mar 22 02:03:09 UTC 2026","TestFooter","test_footer","",""
"","5309","TC 14.02.04 Verify the link 'Bottoms' is visible and clickable.","tests","Sun Mar 22 02:22:24 UTC 2026","broken","Sun Mar 22 02:22:29 UTC 2026","TestMenPage","test_men","",""
"Check that quantity field is displayed and clickable.","0","tc 07.02.03 Verify that quantity field is displayed and clickable","tests","Sun Mar 22 02:30:57 UTC 2026","broken","Sun Mar 22 02:30:57 UTC 2026","TestShoppingCartFull","test_shopping_cart","",""
"Check title-text and content-text in 2 columns block - Men's Deals","5111","TC 10.04.05 - Verify the text in 2 columns block - Men's Deals","tests","Sun Mar 22 02:29:19 UTC 2026","broken","Sun Mar 22 02:29:24 UTC 2026","TestSalePage","test_sale","",""
"This test checks if the image in section 2 block 4 'home-performance' is correct","214","TC 13.01.31_01 - Check correctness of the image in block 4 'home-performance' in the Promo Block","tests","Sun Mar 22 02:19:23 UTC 2026","broken","Sun Mar 22 02:19:23 UTC 2026","TestMainPage","test_main_page","",""
"Check that two links in Gear Deals section lead to the correct pages after click","5117","TC 10.04.03, 10.04.06, 10.04.09 - Verify that links in Main block, 2 columns block open the correct pages","tests","Sun Mar 22 02:29:38 UTC 2026","broken","Sun Mar 22 02:29:44 UTC 2026","TestSalePage","test_sale","",""
"
            This test will check that after clicking on the add to wishlist button,
            you are redirected to the My Wishlist page
            User is not authorized
            ","5301","Check the transition to the page my wish after clicking on the button. User is not authorized","tests","Sun Mar 22 02:16:54 UTC 2026","skipped","Sun Mar 22 02:16:59 UTC 2026","TestMainPage","test_main_page","",""
"Check that 'Subscribe to our mailing list' link in footer is correct","0","TC 02.02.07 - Check 'Subscribe to our mailing list' link in footer leads to the correct page from each page specified in DATA_1","tests","Sun Mar 22 02:07:39 UTC 2026","skipped","Sun Mar 22 02:07:39 UTC 2026","TestFooter","test_footer","",""
"Verify that the block 'Luma hoodies' is displayed on the Men page","0","TC 14.06.33 Verify the visibility of 'Luma hoodies' promo block.","tests","Sun Mar 22 02:24:31 UTC 2026","skipped","Sun Mar 22 02:24:31 UTC 2026","TestMenPagePromoBlock","test_men","",""
"Check that five elements in Men's Deals section are displayed and enabled","5114","TC 10.02.02, 10.02.04, 10.02.06, 10.02.08, 10.02.10 - Verify 5 links in Men's Deals section are visible and clickable","tests","Sun Mar 22 02:27:39 UTC 2026","broken","Sun Mar 22 02:27:44 UTC 2026","TestSalePage","test_sale","",""
"Verify that the click on the block 'Luma hoodies' correctly redirects to a new webpage","0","TC 14.06.38 Verify the click on the block 'Luma hoodies' redirects to a correct page.","tests","Sun Mar 22 02:24:31 UTC 2026","skipped","Sun Mar 22 02:24:31 UTC 2026","TestMenPagePromoBlock","test_men","",""
"This test checks if the image in section 2 block 2 'home-t-shirts' is visible","192","TC 13.01.21 - Check the display of an image in block 2 'home-t-shirts' in the Promo Block","tests","Sun Mar 22 02:18:52 UTC 2026","broken","Sun Mar 22 02:18:52 UTC 2026","TestMainPage","test_main_page","",""
"Check error message on attempt to log in with empty password","5114","TC 03.02.05 Verify error on attempting to log in with empty email - Negative","tests","Sun Mar 22 02:35:37 UTC 2026","broken","Sun Mar 22 02:35:42 UTC 2026","TestLogin","test_sign_in","",""
"This test check the title page","6","TC 16.02.08 Check the title page","tests","Sun Mar 22 02:38:23 UTC 2026","failed","Sun Mar 22 02:38:23 UTC 2026","TestMainPage","test_training","",""
" Verify that checkbox is present and unchecked","0","TC 04_01_09 Verify checkbox is present and unchecked","tests","Sun Mar 22 02:00:43 UTC 2026","skipped","Sun Mar 22 02:00:43 UTC 2026","TestCreateAnAccount","test_create_an_account","",""
"Checks if text of Advanced Search link is correct on each page in DATA_1","182","TC 02.01.17 - Check text of Advanced Search link on each page specified in DATA_1","tests","Sun Mar 22 02:05:22 UTC 2026","broken","Sun Mar 22 02:05:22 UTC 2026","TestFooter","test_footer","",""
"This test checks if Section 2 in Promo Block under header is displayed on the Main Page","5296","TC 13.01.09 - Check the display of Section 2 in the Promo Block","tests","Sun Mar 22 02:17:37 UTC 2026","broken","Sun Mar 22 02:17:42 UTC 2026","TestMainPage","test_main_page","",""
"
            This test will check that the add to wishlist and add to compare buttons are visible on the screen
            ","5311","Check the display of the add to wish and add to compare buttons","tests","Sun Mar 22 02:16:41 UTC 2026","skipped","Sun Mar 22 02:16:46 UTC 2026","TestMainPage","test_main_page","",""
"Check that Advanced Search link in footer is correct","5301","TC 02.02.03 - Check Advanced Search link in footer leads to the correct page from each page specified in DATA_1","tests","Sun Mar 22 02:07:20 UTC 2026","broken","Sun Mar 22 02:07:25 UTC 2026","TestFooter","test_footer","",""
"Check if the 'Reload captcha' button is present","0","TC 17.01.19 Verify Reset My Password button is present","tests","Sun Mar 22 02:08:32 UTC 2026","skipped","Sun Mar 22 02:08:32 UTC 2026","TestForgotYourPassword","test_forgot_your_password","",""
" Verify that the Create An Account page heading is present. ","154","TC 04_01_01 Verify Create An Account Page h1 Header","tests","Sun Mar 22 01:59:56 UTC 2026","failed","Sun Mar 22 01:59:56 UTC 2026","TestCreateAnAccount","test_create_an_account","",""
"This test checks if Subscribe Button is clickable on each page specified in DATA_1","0","TC 02.01.42 - Check if Subscribe Button is clickable on each page specified in DATA_1","tests","Sun Mar 22 02:06:59 UTC 2026","skipped","Sun Mar 22 02:06:59 UTC 2026","TestFooter","test_footer","",""
"This test checks if info block in section 2 block 1 'home-pants' is displayed","5297","TC 13.01.17 - Check the display of the info block in block 1 'home-pants' in the Promo Block","tests","Sun Mar 22 02:18:25 UTC 2026","broken","Sun Mar 22 02:18:31 UTC 2026","TestMainPage","test_main_page","",""
"Verify that the 'Proceed to checkout' button redirects to the shipping page.","0","tc 07.02.08 Verify that 'Proceed to checkout' button redirects to the shipping page","tests","Sun Mar 22 02:31:23 UTC 2026","broken","Sun Mar 22 02:31:23 UTC 2026","TestShoppingCartFull","test_shopping_cart","",""
"Verify that text-1 in 'Last chance for pants' block correctly displayed","0","TC 14.06.17 Verify that the 'Last chance for pants' text is visible.","tests","Sun Mar 22 02:24:31 UTC 2026","skipped","Sun Mar 22 02:24:31 UTC 2026","TestMenPagePromoBlock","test_men","",""
"Check Category title is visible","5303","TC 12.02.01 Check side panel title Category is visible","tests","Sun Mar 22 02:39:11 UTC 2026","broken","Sun Mar 22 02:39:17 UTC 2026","TestWomenPage","test_women","",""
"This test checks if block 3 'home-erin' in section 2 in Promo Block under header is clickable","5316","TC 13.01.52 - Check if block 3 'home-erin' in section 2 is clickablein the Promo Block on the main page","tests","Sun Mar 22 02:21:11 UTC 2026","broken","Sun Mar 22 02:21:16 UTC 2026","TestMainPage","test_main_page","",""
"Check that table headers in item cart are visible","0","test_tc_07_02_02_Verify_table_headers_in_item_cart_are_visible[t_header2]","tests","Sun Mar 22 02:32:09 UTC 2026","broken","Sun Mar 22 02:32:09 UTC 2026","TestShoppingCartFull","test_shopping_cart","",""
"Checks if Copyright text is visible on each page in DATA_1","5273","TC 02.01.36 - Check display of Copyright text on each page specified in DATA_1","tests","Sun Mar 22 02:06:53 UTC 2026","broken","Sun Mar 22 02:06:59 UTC 2026","TestFooter","test_footer","",""
"Check Success and Failed Login, no error validation","5290","TC 03.02.01 to 03_02_10 Verify Failed Login, no error validation","tests","Sun Mar 22 02:36:04 UTC 2026","broken","Sun Mar 22 02:36:09 UTC 2026","TestFailedLogin","test_sign_in","",""
"Check that five links in Men's Deals section lead to the correct pages after click","5127","TC 10.02.03, 10.02.05, 10.02.07, 10.02.09, 10.02.11 - Verify 5 links in Men's Deals open the correct pages","tests","Sun Mar 22 02:27:59 UTC 2026","broken","Sun Mar 22 02:28:04 UTC 2026","TestSalePage","test_sale","",""
"Checks if Orders and Returns link is visible on each page in DATA_1","5318","TC 02.01.19 - Check display of Orders and Returns link on each page specified in DATA_1","tests","Sun Mar 22 02:05:43 UTC 2026","broken","Sun Mar 22 02:05:49 UTC 2026","TestFooter","test_footer","",""
"Check if Sign In button is present","5120","TC 03.01.14 Verify Sign in button is present","tests","Sun Mar 22 02:34:17 UTC 2026","broken","Sun Mar 22 02:34:23 UTC 2026","TestRegisteredCustomers","test_sign_in","",""
"This test checks if Section 1 in Promo Block under header is displayed on the Main Page","5296","TC 13.01.02 - Check the display of Section 1 in the Promo Block","tests","Sun Mar 22 02:17:09 UTC 2026","broken","Sun Mar 22 02:17:14 UTC 2026","TestMainPage","test_main_page","",""
"Check if 'Create an Account' button link opens correct page","5120","TC 03.01.23 Verify Create an Account button is functional","tests","Sun Mar 22 02:35:17 UTC 2026","broken","Sun Mar 22 02:35:22 UTC 2026","TestNewCustomers","test_sign_in","",""
"Check that the cursor changes to a 'hand' indicating the logo is a clickable element,         and that clicking on it causes the page to reload and redirect to the main page","5301","TC 01.02.04 display and interactivity of the logo","tests","Sun Mar 22 02:10:00 UTC 2026","broken","Sun Mar 22 02:10:05 UTC 2026","TestHeader","test_header","",""
"Checks if Write for us link is present in the DOM tree on each page specified in DATA_1","0","TC 02.01.28 - Check Write for us link is present in the DOM tree on each page specified in DATA_1","tests","Sun Mar 22 02:06:06 UTC 2026","skipped","Sun Mar 22 02:06:06 UTC 2026","TestFooter","test_footer","",""
"Verify that the link 'Shorts' is displayed and clickable","5298","TC 14.04.04 Verify the link 'Shorts' is visible and clickable.","tests","Sun Mar 22 02:24:12 UTC 2026","broken","Sun Mar 22 02:24:18 UTC 2026","TestMenPage","test_men","",""
" Verify that customer can't Create An Account with empty e-mail","5124","test 04.02.04 create an account with empty e-mail","tests","Sun Mar 22 02:01:58 UTC 2026","broken","Sun Mar 22 02:02:03 UTC 2026","TestCreateAnAccount","test_create_an_account","",""
"This test checks if block 2 'home-t-shirts' in section 2 in Promo Block under header is clickable","5309","TC 13.01.51 - Check if block 2 'home-t-shirts' in section 2 is clickablein the Promo Block on the main page","tests","Sun Mar 22 02:21:04 UTC 2026","broken","Sun Mar 22 02:21:09 UTC 2026","TestMainPage","test_main_page","",""
"Check if Password field is appropriately labeled ","5126","TC 03.01.11 Verify Password field is appropriately labeled","tests","Sun Mar 22 02:33:57 UTC 2026","broken","Sun Mar 22 02:34:03 UTC 2026","TestRegisteredCustomers","test_sign_in","",""
"Check Success and Failed Login, no error validation","5303","TC 03.02.01 to 03_02_10 Verify Failed Login, no error validation","tests","Sun Mar 22 02:36:50 UTC 2026","broken","Sun Mar 22 02:36:55 UTC 2026","TestFailedLogin","test_sign_in","",""
"Verify that the subhead 'TOPS' is displayed","5274","TC 14.03.01 Verify the 'TOPS' subhead is displayed","tests","Sun Mar 22 02:22:37 UTC 2026","broken","Sun Mar 22 02:22:42 UTC 2026","TestMenPage","test_men","",""
"Checks if Advanced Search link is visible on each page in DATA_1","5281","TC 02.01.14 - Check display of Advanced Search link on each page specified in DATA_1","tests","Sun Mar 22 02:04:54 UTC 2026","broken","Sun Mar 22 02:04:59 UTC 2026","TestFooter","test_footer","",""
"This test checks for the same titles after clicking on the product card and going to the product page","5296","test_check_for_duplicate_titles_after_clicking_on_the_card","tests","Sun Mar 22 02:15:33 UTC 2026","broken","Sun Mar 22 02:15:38 UTC 2026","TestMainPage","test_main_page","",""
"Check the ""Search"" field is activated with a vertical flashing symbol ""|"" and highlighted","5307","TC 01.02.01 display and interactivity of the ""Search"" field","tests","Sun Mar 22 02:10:33 UTC 2026","broken","Sun Mar 22 02:10:38 UTC 2026","TestHeader","test_header","",""
"Check that Write for us link in footer is correct","0","TC 02.02.06 - Check Write for us link in footer leads to the correct page from each page specified in DATA_1","tests","Sun Mar 22 02:07:39 UTC 2026","skipped","Sun Mar 22 02:07:39 UTC 2026","TestFooter","test_footer","",""
"Check the 'Sign In' link is not displayed if the user is authorized","5315","TC 01.01.07 absence of the ""Sign In"" link display","tests","Sun Mar 22 02:13:00 UTC 2026","broken","Sun Mar 22 02:13:05 UTC 2026","TestHeader","test_header","",""
"Verify that text-3 in 'Luma tees' block correctly displayed","0","TC 14.06.31 Verify that the 'Shop Tees' text is visible.","tests","Sun Mar 22 02:24:31 UTC 2026","skipped","Sun Mar 22 02:24:31 UTC 2026","TestMenPagePromoBlock","test_men","",""
"Check that six links in Women's Deals section lead to the correct pages after click","5119","TC 10.01.03, 10.01.05, 10.01.07, 10.01.09, 10.01.11, 10.01.13 - Verify 6 links in Women's Deals open the correct pages","tests","Sun Mar 22 02:26:32 UTC 2026","broken","Sun Mar 22 02:26:37 UTC 2026","TestSalePage","test_sale","",""
"Check Registered Customers note is present ","5113","TC 17.01.02 Verify Forgot Your Password note","tests","Sun Mar 22 02:07:47 UTC 2026","broken","Sun Mar 22 02:07:52 UTC 2026","TestForgotYourPassword","test_forgot_your_password","",""
"Check the 'Bottoms' subsection in 'Men' section is displayed and the 'Pants' and 'Shorts'         subsections is displayed","5314","TC 01.03.23 display and interactivity of the ""Bottoms"" section of the ""Men"" section","tests","Sun Mar 22 02:11:40 UTC 2026","broken","Sun Mar 22 02:11:45 UTC 2026","TestHeader","test_header","",""
"Check that Orders and Returns link in footer is correct","5303","TC 02.02.04 - Check Orders and Returns link in footer leads to the correct page from each page specified in DATA_1","tests","Sun Mar 22 02:07:33 UTC 2026","broken","Sun Mar 22 02:07:39 UTC 2026","TestFooter","test_footer","",""
"Check Registered Customers note is present ","5114","TC 03.01.03 Verify Registered Customers note","tests","Sun Mar 22 02:33:04 UTC 2026","broken","Sun Mar 22 02:33:10 UTC 2026","TestRegisteredCustomers","test_sign_in","",""
"Check that the “here” link is displayed and clickable.","5307","tc 07.01.03 Verify that here link is displayed and clickable","tests","Sun Mar 22 02:30:38 UTC 2026","broken","Sun Mar 22 02:30:43 UTC 2026","TestShoppingCart","test_shopping_cart","",""
"This test checks if section 1 in Promo Block under header is clickable","5301","TC 13.01.49 - Check if section 1 is clickable in the Promo Block on the main page","tests","Sun Mar 22 02:20:51 UTC 2026","broken","Sun Mar 22 02:20:56 UTC 2026","TestMainPage","test_main_page","",""
"Checks if Copyright section is present in the DOM tree on each page specified in DATA_1","5307","TC 02.01.33 - Check Copyright section is present in the DOM tree on each page specified in DATA_1","tests","Sun Mar 22 02:06:13 UTC 2026","broken","Sun Mar 22 02:06:19 UTC 2026","TestFooter","test_footer","",""
"Check if items are visible","5306","TC 12.05.01/02/03/04 Check the Sidebar text is visible","tests","Sun Mar 22 02:39:31 UTC 2026","broken","Sun Mar 22 02:39:37 UTC 2026","TestWomenPage","test_women","",""
"Checks if 'Contact us' link is present in the DOM tree on each page specified in DATA_1","0","TC 02.01.23 - Check 'Contact us' link is present in the DOM tree on each page specified in DATA_1","tests","Sun Mar 22 02:06:06 UTC 2026","skipped","Sun Mar 22 02:06:06 UTC 2026","TestFooter","test_footer","",""
"
        Check the captcha field is activated with a cursor and gets highlighted when clicked
        ","0","TC 17.01.12 Verify FYP captcha field highlighting on click","tests","Sun Mar 22 02:08:32 UTC 2026","skipped","Sun Mar 22 02:08:32 UTC 2026","TestForgotYourPassword","test_forgot_your_password","",""
"
        Check the Email field is activated with a cursor and gets highlighted when clicked
        ","5113","TC 03.01.07 Verify Email field highlighting on click","tests","Sun Mar 22 02:33:31 UTC 2026","broken","Sun Mar 22 02:33:36 UTC 2026","TestRegisteredCustomers","test_sign_in","",""
"
        The user is NOT logged in, located in the product card, section ""Reviews""
        1. All required fields are filled with correct data
        2. Pressed 5 star
        3.The ""Submit Review"" button is pressed
        Result: Present in the DOM and visible on the page the message: ""You submitted your review for moderation.
        This code works when run on Win, Mac, Ubuntu on a real laptop and has the features of working on GitHub Action.
        When interacting with the GitHub Action, it checks not for the text of the ""Success"" message, but for the ""Success"" URL""
        ","5320","TC 01_15_01 Verify possibility to vote with 5 stars","tests","Sun Mar 22 02:25:32 UTC 2026","skipped","Sun Mar 22 02:25:38 UTC 2026","TestReviews","test_reviews_page","",""
"Check 'Bras & Tanks' subsection link click in 'Women' section redirects to the Bras & Tanks-women page and         the 'Bras & Tanks' header is displayed","5301","TC 01.03.10 correctness of the ""Bras"" link of the ""Women"" section","tests","Sun Mar 22 02:14:46 UTC 2026","broken","Sun Mar 22 02:14:51 UTC 2026","TestHeader","test_header","",""
"
            This test will check that after clicking on the add to wishlist button,
            you are redirected to the My Wishlist page
            User is authorized
            ","0","Check the transition to the page my wish after clicking on the button. User is authorized","tests","Sun Mar 22 02:17:00 UTC 2026","skipped","Sun Mar 22 02:17:00 UTC 2026","TestMainPage","test_main_page","",""
"Checks if Advanced Search link is visible on each page in DATA_1","5374","TC 02.01.14 - Check display of Advanced Search link on each page specified in DATA_1","tests","Sun Mar 22 02:05:00 UTC 2026","broken","Sun Mar 22 02:05:06 UTC 2026","TestFooter","test_footer","",""
"Verify the subtotal amounts in the item cart and in the summary cart are the same.","0","tc 07.02.05 Verify the subtotal amounts in the item cart and in the Summary cart are the same.","tests","Sun Mar 22 02:31:10 UTC 2026","broken","Sun Mar 22 02:31:10 UTC 2026","TestShoppingCartFull","test_shopping_cart","",""
"Verify that the link 'Hoodies&Sweatshirts' correctly opens and redirects to a new webpage, the header         'Hoodies&Sweatshirt' is displayed","20647","TC 14.03.03 Verify the link 'Hoodies&Sweatshirts' redirects to a correct page.","tests","Sun Mar 22 02:22:50 UTC 2026","broken","Sun Mar 22 02:23:11 UTC 2026","TestMenPage","test_men","",""
"Check that two elements in Gear Deals section are displayed and enabled","5109","TC 10.03.02, 10.02.04 - Verify 2 links in Gear Deals section are visible and clickable","tests","Sun Mar 22 02:28:25 UTC 2026","broken","Sun Mar 22 02:28:30 UTC 2026","TestSalePage","test_sale","",""
"Checks if Orders and Returns link is present in the DOM tree on each page specified in DATA_1","5300","TC 02.01.18 - Check Orders and Returns link is present in the DOM tree on each page specified in DATA_1","tests","Sun Mar 22 02:05:30 UTC 2026","broken","Sun Mar 22 02:05:35 UTC 2026","TestFooter","test_footer","",""
"This test check the cursor change when hovering over the block training erin","0","TC 16.02.07 Check the cursor change to block training erin","tests","Sun Mar 22 02:38:22 UTC 2026","skipped","Sun Mar 22 02:38:22 UTC 2026","TestMainPage","test_training","",""
" Verify presence of Password Strength hint and warning color of weak password ","5124","TC 04_02_09_13 Verify presence of strong password strength hint","tests","Sun Mar 22 02:02:24 UTC 2026","skipped","Sun Mar 22 02:02:29 UTC 2026","TestCreateAnAccount","test_create_an_account","",""
"Check that two elements in Gear Deals section are displayed and enabled","5114","TC 10.03.02, 10.02.04 - Verify 2 links in Gear Deals section are visible and clickable","tests","Sun Mar 22 02:28:32 UTC 2026","broken","Sun Mar 22 02:28:37 UTC 2026","TestSalePage","test_sale","",""
"Checking title of the Category section","5325","test_tc_10_01_01","tests","Sun Mar 22 02:08:46 UTC 2026","broken","Sun Mar 22 02:08:52 UTC 2026","TestGearPage","test_gear","",""
"Checks if 'Contact us' link is visible on each page in DATA_1","0","TC 02.01.24 - Check display of 'Contact us' link on each page specified in DATA_1","tests","Sun Mar 22 02:06:06 UTC 2026","skipped","Sun Mar 22 02:06:06 UTC 2026","TestFooter","test_footer","",""
"Check Sidebar Video Download contains URL","5128","TC 16.01.04 Verify Sidebar panel title Video Download contains URL","tests","Sun Mar 22 02:37:57 UTC 2026","broken","Sun Mar 22 02:38:02 UTC 2026","TestMainPage","test_training","",""
"Check the ""Search"" field in the header contains the placeholder 'Search entire store here...'","5307","TC 01.02.03 presence of a  placeholder in the ""Search"" field","tests","Sun Mar 22 02:10:20 UTC 2026","broken","Sun Mar 22 02:10:25 UTC 2026","TestHeader","test_header","",""
"Check hovering over the shopping cart icon changes the cursor to a ""hand,"" indicating that the cart is a         clickable element, click on it and the message ""You have no items in your shopping cart."" appears","5269","TC 01.02.05 display and interactivity of the cart icon","tests","Sun Mar 22 02:10:13 UTC 2026","broken","Sun Mar 22 02:10:18 UTC 2026","TestHeader","test_header","",""
"Check that five links in Men's Deals section lead to the correct pages after click","5112","TC 10.02.03, 10.02.05, 10.02.07, 10.02.09, 10.02.11 - Verify 5 links in Men's Deals open the correct pages","tests","Sun Mar 22 02:27:45 UTC 2026","broken","Sun Mar 22 02:27:51 UTC 2026","TestSalePage","test_sale","",""
"Checks if 'Subscribe to our mailing list' link is present in the DOM tree on each page
        specified in DATA_1","0","TC 02.01.52 - Check 'Subscribe to our mailing list' link is present in the DOM tree on each page specified in DATA_1","tests","Sun Mar 22 02:06:59 UTC 2026","skipped","Sun Mar 22 02:06:59 UTC 2026","TestFooter","test_footer","",""
"Check Success and Failed Login, no error validation","5299","TC 03.02.01 to 03_02_10 Verify Failed Login, no error validation","tests","Sun Mar 22 02:36:10 UTC 2026","broken","Sun Mar 22 02:36:15 UTC 2026","TestFailedLogin","test_sign_in","",""
"This test checks if Write for us link is clickable on each page specified in DATA_1","0","TC 02.01.30 - Check if Write for us link is clickable on each page specified in DATA_1","tests","Sun Mar 22 02:06:06 UTC 2026","skipped","Sun Mar 22 02:06:06 UTC 2026","TestFooter","test_footer","",""
" Verify that customer can Create An Account with correct data","0","test 04.02.01 create an account with correct data","tests","Sun Mar 22 02:01:43 UTC 2026","skipped","Sun Mar 22 02:01:43 UTC 2026","TestCreateAnAccount","test_create_an_account","",""
"Check that six elements in Women's Deals section are displayed and enabled","5115","TC 10.01.02, 10.01.04, 10.01.06, 10.01.08, 10.01.10, 10.01.12 - Verify 6 links in Women's Deals section are visible and clickable","tests","Sun Mar 22 02:25:59 UTC 2026","broken","Sun Mar 22 02:26:04 UTC 2026","TestSalePage","test_sale","",""
"Check 'Sign In' link click redirects to the login page and the ""Customer Login"" header is displayed","5304","TC 01.01.05 correctness of the ""Sign In"" link","tests","Sun Mar 22 02:09:53 UTC 2026","broken","Sun Mar 22 02:09:58 UTC 2026","TestHeader","test_header","",""
" Verify presence of First name label and the required asterisk ","5111","TC 04_01_03 Verify presence of First name label and the required asterisk","tests","Sun Mar 22 02:00:04 UTC 2026","broken","Sun Mar 22 02:00:10 UTC 2026","TestCreateAnAccount","test_create_an_account","",""
"Verify 'Training' link click redirected to the page and the 'Training' header is displayed","5308","TC 01.03.33 correctly redirected the link ""Training""","tests","Sun Mar 22 02:10:46 UTC 2026","broken","Sun Mar 22 02:10:52 UTC 2026","TestHeader","test_header","",""
"This test checks if info block in section 2 block 4 'home-performance' is displayed in the Promo Block
            under header on the Main Page","5296","TC 13.01.32 - Check the display of the info block in block 4 'home-performance' in the Promo Block","tests","Sun Mar 22 02:19:24 UTC 2026","broken","Sun Mar 22 02:19:30 UTC 2026","TestMainPage","test_main_page","",""
"
            This test will check that the add to wishlist and add to compare buttons are visible on the screen
            ","5300","Check the display of the add to wish and add to compare buttons","tests","Sun Mar 22 02:16:47 UTC 2026","skipped","Sun Mar 22 02:16:53 UTC 2026","TestMainPage","test_main_page","",""
"Check that link in section 2 block 5 'home-eco' is correct","5303","TC 13.02.06 - Check the link in section 2 block 5 'home-eco' in the Promo Block leads to the correct page","tests","Sun Mar 22 02:22:04 UTC 2026","broken","Sun Mar 22 02:22:09 UTC 2026","TestMainPage","test_main_page","",""
"This test checks if block 4 'home-performance' in section 2 in Promo Block under header is clickable","5295","TC 13.01.53 - Check if block 4 'home-performance' in section 2 is clickablein the Promo Block on the main page","tests","Sun Mar 22 02:21:17 UTC 2026","broken","Sun Mar 22 02:21:23 UTC 2026","TestMainPage","test_main_page","",""
"Checks if text of Orders and Returns link is correct on each page in DATA_1","204","TC 02.01.22 - Check text of Orders and Returns link on each page specified in DATA_1","tests","Sun Mar 22 02:06:05 UTC 2026","broken","Sun Mar 22 02:06:05 UTC 2026","TestFooter","test_footer","",""
"This test checks the color change of the add to wishlist button and add to compare button on hover","5299","test_tc_06_01_12_the_color_change_my_wish_and_add_to_compare_button[add_to_compare]","tests","Sun Mar 22 02:16:27 UTC 2026","broken","Sun Mar 22 02:16:33 UTC 2026","TestMainPage","test_main_page","",""
"The test checks if the displayed captcha matches the entered value in the captcha field","0","TC 17.01.13 Verify displayed captcha matches the entered value in FYP captcha field","tests","Sun Mar 22 02:08:32 UTC 2026","skipped","Sun Mar 22 02:08:32 UTC 2026","TestForgotYourPassword","test_forgot_your_password","",""
"Check if the captcha input is of correct format (input-text) and clickable","0","TC 17.01.10 Verify FYP captcha input field is correct format and clickable","tests","Sun Mar 22 02:08:32 UTC 2026","skipped","Sun Mar 22 02:08:32 UTC 2026","TestForgotYourPassword","test_forgot_your_password","",""
"Checks if Write for us link is visible on each page in DATA_1","0","TC 02.01.29 - Check display of Write for us link on each page specified in DATA_1","tests","Sun Mar 22 02:06:06 UTC 2026","skipped","Sun Mar 22 02:06:06 UTC 2026","TestFooter","test_footer","",""
"This test checks if Advanced Search link is clickable on each page specified in DATA_1","5304","TC 02.01.15 - Check if Advanced Search link is clickable on each page specified in DATA_1","tests","Sun Mar 22 02:05:14 UTC 2026","broken","Sun Mar 22 02:05:19 UTC 2026","TestFooter","test_footer","",""
"Checks if text of Copyright section is correct on each page in DATA_1","0","TC 02.01.37 - Check text of Copyright section on each page specified in DATA_1","tests","Sun Mar 22 02:06:59 UTC 2026","skipped","Sun Mar 22 02:06:59 UTC 2026","TestFooter","test_footer","",""
"Check the display of the dropdown list after clicking the button if the user is authorized","5300","TC 01.01.09 functionality of the dropdown list button","tests","Sun Mar 22 02:13:13 UTC 2026","broken","Sun Mar 22 02:13:18 UTC 2026","TestHeader","test_header","",""
"Check error message for incorrect email format in email field","5109","TC 17.01.08 Verify Email field for correct email format","tests","Sun Mar 22 02:08:27 UTC 2026","broken","Sun Mar 22 02:08:32 UTC 2026","TestForgotYourPassword","test_forgot_your_password","",""
"This test checks that the card has a price and a price in USD","5301","test_check_card_price","tests","Sun Mar 22 02:15:39 UTC 2026","skipped","Sun Mar 22 02:15:45 UTC 2026","TestMainPage","test_main_page","",""
"This test checks block-promo training-main is displayed","0","TC 16.02.02 - Check the display of block 1 main","tests","Sun Mar 22 02:38:22 UTC 2026","skipped","Sun Mar 22 02:38:22 UTC 2026","TestMainPage","test_training","",""
"This test checks if an image in section 1 'home-main' is visible","5305","TC 13.01.03 - Check the display of an image in section 1 'home-main' in the Promo Block","tests","Sun Mar 22 02:17:15 UTC 2026","broken","Sun Mar 22 02:17:21 UTC 2026","TestMainPage","test_main_page","",""
"Check the list appears with sections 'My Account', 'My Wish List', 'Sign Out' after clicking the button,        then clicking on 'My Account' redirects to the account page with the header 'My Account' displayed","5264","TC 01.01.10 functionality of the ""My account"" section in the dropdown list","tests","Sun Mar 22 02:13:53 UTC 2026","broken","Sun Mar 22 02:13:58 UTC 2026","TestHeader","test_header","",""
"Checks if Subscribe Button is visible on each page in DATA_1","0","TC 02.01.41 - Check display of Subscribe Button on each page specified in DATA_1","tests","Sun Mar 22 02:06:59 UTC 2026","skipped","Sun Mar 22 02:06:59 UTC 2026","TestFooter","test_footer","",""
"Verify that text-2 in 'Luma shorts' block correctly displayed","0","TC 14.06.24 Verify that the 'Cool it now' text is visible.","tests","Sun Mar 22 02:24:31 UTC 2026","skipped","Sun Mar 22 02:24:31 UTC 2026","TestMenPagePromoBlock","test_men","",""
"Checks if text of 'Contact us' link is correct on each page in DATA_1","0","TC 02.01.27 - Check text of 'Contact us' link on each page specified in DATA_1","tests","Sun Mar 22 02:06:06 UTC 2026","skipped","Sun Mar 22 02:06:06 UTC 2026","TestFooter","test_footer","",""
"Check that six elements in Women's Deals section are displayed and enabled","5112","TC 10.01.02, 10.01.04, 10.01.06, 10.01.08, 10.01.10, 10.01.12 - Verify 6 links in Women's Deals section are visible and clickable","tests","Sun Mar 22 02:26:19 UTC 2026","broken","Sun Mar 22 02:26:24 UTC 2026","TestSalePage","test_sale","",""
"Check that six links in Women's Deals section lead to the correct pages after click","5126","TC 10.01.03, 10.01.05, 10.01.07, 10.01.09, 10.01.11, 10.01.13 - Verify 6 links in Women's Deals open the correct pages","tests","Sun Mar 22 02:26:39 UTC 2026","broken","Sun Mar 22 02:26:44 UTC 2026","TestSalePage","test_sale","",""
"This test checks if 'Contact us' link is clickable on each page specified in DATA_1","0","TC 02.01.25 - Check if 'Contact us' link is clickable on each page specified in DATA_1","tests","Sun Mar 22 02:06:06 UTC 2026","skipped","Sun Mar 22 02:06:06 UTC 2026","TestFooter","test_footer","",""
"Verify that the subhead 'BOTTOMS' is displayed","5302","TC 14.04.01 Verify the 'BOTTOMS' subhead is displayed","tests","Sun Mar 22 02:23:52 UTC 2026","broken","Sun Mar 22 02:23:58 UTC 2026","TestMenPage","test_men","",""
"Check error on Failed Login with invalid credentials, case-sensitive password and password with spaces","5114","TC 03.02.02 to 03_02_10 Verify Error on Failed Login with invalid credentials","tests","Sun Mar 22 02:37:17 UTC 2026","broken","Sun Mar 22 02:37:22 UTC 2026","TestFailedLogin","test_sign_in","",""
"Verify that the click on the block 'Last chance for pants' correctly redirects to a new webpage","0","TC 14.06.20 Verify the click on the block 'Last chance for pants' redirects to a correct page.","tests","Sun Mar 22 02:24:31 UTC 2026","skipped","Sun Mar 22 02:24:31 UTC 2026","TestMenPagePromoBlock","test_men","",""
"This test checks if block 3 'home-erin' is displayed in section 2 of Promo Block under header
            on the Main Page","5291","TC 13.01.12 - Check display of block 3 'home-erin' in section 2 in the Promo Block","tests","Sun Mar 22 02:17:57 UTC 2026","broken","Sun Mar 22 02:18:02 UTC 2026","TestMainPage","test_main_page","",""
"Checks if the Search Terms link is present in the DOM tree on each page specified in DATA_1","5279","TC 02.01.03 - Check Search Terms link is present in the DOM tree on each page specified in DATA_1","tests","Sun Mar 22 02:03:11 UTC 2026","broken","Sun Mar 22 02:03:16 UTC 2026","TestFooter","test_footer","",""
"This test checks if the image in section 2 block 5 'home-eco' is correct
            in the Promo Block under header on the main page","5316","TC 13.01.36 - Check the display of the image in block 5 'home-eco' in the Promo Block","tests","Sun Mar 22 02:19:36 UTC 2026","broken","Sun Mar 22 02:19:41 UTC 2026","TestMainPage","test_main_page","",""
" Verify presence of Password Strength note ","5127","TC 04_01_15 Verify presence of password strength hint","tests","Sun Mar 22 02:01:18 UTC 2026","broken","Sun Mar 22 02:01:23 UTC 2026","TestCreateAnAccount","test_create_an_account","",""
"Check that six links in Women's Deals section lead to the correct pages after click","5116","TC 10.01.03, 10.01.05, 10.01.07, 10.01.09, 10.01.11, 10.01.13 - Verify 6 links in Women's Deals open the correct pages","tests","Sun Mar 22 02:26:52 UTC 2026","broken","Sun Mar 22 02:26:57 UTC 2026","TestSalePage","test_sale","",""
"Checks if text on Subscribe Button is correct on each page in DATA_1","0","TC 02.01.46 - Check text on Subscribe Button on each page specified in DATA_1","tests","Sun Mar 22 02:06:59 UTC 2026","skipped","Sun Mar 22 02:06:59 UTC 2026","TestFooter","test_footer","",""
"Verify that the link 'Tees' correctly opens and redirects to a new webpage, the header 'Tees' is
        displayed","5326","TC 14.03.07 Verify the link 'Tees' redirects to a correct page.","tests","Sun Mar 22 02:23:32 UTC 2026","broken","Sun Mar 22 02:23:38 UTC 2026","TestMenPage","test_men","",""
"Checks if text of Privacy and Cookie Policy link matches expected on each page in DATA_1","220","TC 02.01.12 - Check text of Privacy and Cookie Policy link on each page specified in DATA_1","tests","Sun Mar 22 02:04:39 UTC 2026","broken","Sun Mar 22 02:04:39 UTC 2026","TestFooter","test_footer","",""
"Checks if text on Subscribe Button is present in the DOM tree on each page specified in DATA_1","0","TC 02.01.44 - Check text on Subscribe Button is present in the DOM tree on each page specified in DATA_1","tests","Sun Mar 22 02:06:59 UTC 2026","skipped","Sun Mar 22 02:06:59 UTC 2026","TestFooter","test_footer","",""
"Check title-text and content-text in 3-columns block - sale-20-off","5113","TC 10.04.11 - Verify the text in 3-columns block- sale-20-off","tests","Sun Mar 22 02:30:12 UTC 2026","broken","Sun Mar 22 02:30:17 UTC 2026","TestSalePage","test_sale","",""
"Verify that text-1 in 'Luma tees' block correctly displayed","0","TC 14.06.29 Verify that the 'Luma tees' text is visible.","tests","Sun Mar 22 02:24:31 UTC 2026","skipped","Sun Mar 22 02:24:31 UTC 2026","TestMenPagePromoBlock","test_men","",""
"Check 'Create an account' link is displayed and underlined","5308","TC 01.01.02 display and interactivity of the ""Create an account"" link","tests","Sun Mar 22 02:09:33 UTC 2026","broken","Sun Mar 22 02:09:38 UTC 2026","TestHeader","test_header","",""
"This test checks if block 5 'home-eco' in section 2 in Promo Block under header is clickable","5294","TC 13.01.54 - Check if block 5 'home-eco' in section 2 is clickablein the Promo Block on the main page","tests","Sun Mar 22 02:21:24 UTC 2026","broken","Sun Mar 22 02:21:29 UTC 2026","TestMainPage","test_main_page","",""
"Checks if text of Orders and Returns link is correct on each page in DATA_1","213","TC 02.01.22 - Check text of Orders and Returns link on each page specified in DATA_1","tests","Sun Mar 22 02:06:03 UTC 2026","broken","Sun Mar 22 02:06:04 UTC 2026","TestFooter","test_footer","",""
"Check Success and Failed Login, no error validation","5311","TC 03.02.01 to 03_02_10 Verify Failed Login, no error validation","tests","Sun Mar 22 02:36:23 UTC 2026","broken","Sun Mar 22 02:36:29 UTC 2026","TestFailedLogin","test_sign_in","",""
"Verify that the block 'Luma tees' is displayed on the Men page","0","TC 14.06.27 Verify the visibility of 'Luma tees' promo block.","tests","Sun Mar 22 02:24:31 UTC 2026","skipped","Sun Mar 22 02:24:31 UTC 2026","TestMenPagePromoBlock","test_men","",""
"Checks if Subscribe Button is visible on each page in DATA_1","0","TC 02.01.41 - Check display of Subscribe Button on each page specified in DATA_1","tests","Sun Mar 22 02:06:59 UTC 2026","skipped","Sun Mar 22 02:06:59 UTC 2026","TestFooter","test_footer","",""
"Verify message 'You have no items to compare.' is visible","5316","TC 18.01.03 message ""You have no items to compare."" is displayed","tests","Sun Mar 22 02:38:38 UTC 2026","broken","Sun Mar 22 02:38:43 UTC 2026","TestTrainingVideoDownload","test_training_video_download","",""
"This test checks if the info block text in section 2 block 4 'home-performance' is correct
            in the Promo Block under header on the main page","217","TC 13.01.34 - Check the display of the text in block 4 'home-performance' in the Promo Block","tests","Sun Mar 22 02:19:33 UTC 2026","broken","Sun Mar 22 02:19:33 UTC 2026","TestMainPage","test_main_page","",""
"Check if Sign In button is clickable","5115","TC 03.01.15 Verify Sign in button is clickable","tests","Sun Mar 22 02:34:24 UTC 2026","broken","Sun Mar 22 02:34:29 UTC 2026","TestRegisteredCustomers","test_sign_in","",""
"Check that watches is displayed and enabled","5289","test_tc_11_01_06","tests","Sun Mar 22 02:09:20 UTC 2026","broken","Sun Mar 22 02:09:25 UTC 2026","TestGearPage","test_gear","",""
"Checks if placeholder in Email field is present in the DOM tree on each page specified in DATA_1","0","TC 02.01.49 - Check placeholder in Subscribe Email Field is present in the DOM tree on each page specified in DATA_1","tests","Sun Mar 22 02:06:59 UTC 2026","skipped","Sun Mar 22 02:06:59 UTC 2026","TestFooter","test_footer","",""
"This test checks if block 2 'home-t-shirts' in section 2 in the Promo Block is present
            in the DOM tree on the main page","5309","TC 13.01.45 - Check block 2 'home-t-shirts' in section 2 of the Promo Block is present in the DOM tree","tests","Sun Mar 22 02:20:24 UTC 2026","broken","Sun Mar 22 02:20:29 UTC 2026","TestMainPage","test_main_page","",""
"Verify that the link 'Women' correctly opens and redirects to a new webpage, the header 'Women' is
        displayed","5311","TC 01.03.04 correct redirection of the link ""Women""","tests","Sun Mar 22 02:11:20 UTC 2026","broken","Sun Mar 22 02:11:25 UTC 2026","TestHeader","test_header","",""
"Verify that text-2 in 'Last chance for pants' block correctly displayed","0","TC 14.06.18 Verify that the 'Take 20% OFF' text is visible.","tests","Sun Mar 22 02:24:31 UTC 2026","skipped","Sun Mar 22 02:24:31 UTC 2026","TestMenPagePromoBlock","test_men","",""
"Check 'Shorts' subsection link in 'Men' section click redirects to the Shorts page and             the 'Shorts' header is displayed","5304","TC 01.03.26 correctness ""Shorts"" link","tests","Sun Mar 22 02:12:00 UTC 2026","broken","Sun Mar 22 02:12:05 UTC 2026","TestHeader","test_header","",""
"Checks if text of Write for us link is correct on each page in DATA_1","0","TC 02.01.32 - Check text of Write for us link on each page specified in DATA_1","tests","Sun Mar 22 02:06:06 UTC 2026","skipped","Sun Mar 22 02:06:06 UTC 2026","TestFooter","test_footer","",""
"Check that the price in list of items in the Shopping Cart
        contains item with correct price which was added from More Choices","0","TC 07.02.28 Verify that the price in list of items in the Shopping Cart is displayed correct","tests","Sun Mar 22 02:32:48 UTC 2026","broken","Sun Mar 22 02:32:48 UTC 2026","TestShoppingCartFull","test_shopping_cart","",""
"Check Shopping Cart title is displayed correctly","5262","tc 07.01.01 Verify that title Shopping Cart is displayed correctly","tests","Sun Mar 22 02:30:31 UTC 2026","broken","Sun Mar 22 02:30:37 UTC 2026","TestShoppingCart","test_shopping_cart","",""
"Verify that text-2 in 'Save up to $24!' block correctly displayed","0","TC 14.06.12 Verify that the 'Buy 3 Luma tees' text in the 'Save up to $24!' promo block is visible.","tests","Sun Mar 22 02:24:31 UTC 2026","skipped","Sun Mar 22 02:24:31 UTC 2026","TestMenPagePromoBlock","test_men","",""
"Checks if Write for us link is visible on each page in DATA_1","0","TC 02.01.29 - Check display of Write for us link on each page specified in DATA_1","tests","Sun Mar 22 02:06:06 UTC 2026","skipped","Sun Mar 22 02:06:06 UTC 2026","TestFooter","test_footer","",""
"Check that Privacy and Cookie Policy link in footer is correct","5299","TC 02.02.02 - Check Privacy and Cookie Policy link in footer leads to the correct page from each page specified in DATA_1","tests","Sun Mar 22 02:07:07 UTC 2026","broken","Sun Mar 22 02:07:12 UTC 2026","TestFooter","test_footer","",""
"Check if items are visible","5300","TC 12.05.01/02/03/04 Check the Sidebar text is visible","tests","Sun Mar 22 02:39:18 UTC 2026","broken","Sun Mar 22 02:39:23 UTC 2026","TestWomenPage","test_women","",""
"Verify that the image in the block 'Last chance for pants' is displayed on the Men page","0","TC 14.06.16 Verify the visibility of the image in the 'Last chance for pants' promo block.","tests","Sun Mar 22 02:24:31 UTC 2026","skipped","Sun Mar 22 02:24:31 UTC 2026","TestMenPagePromoBlock","test_men","",""
"Verify that click 'Forgot your password?' link opens correct page","5118","TC 03.01.17 Verify Forgot Your Password link is functional","tests","Sun Mar 22 02:34:37 UTC 2026","broken","Sun Mar 22 02:34:42 UTC 2026","TestRegisteredCustomers","test_sign_in","",""
"Check that Orders and Returns link in footer is correct","5304","TC 02.02.04 - Check Orders and Returns link in footer leads to the correct page from each page specified in DATA_1","tests","Sun Mar 22 02:07:27 UTC 2026","broken","Sun Mar 22 02:07:32 UTC 2026","TestFooter","test_footer","",""
"Checks if Subscribe Button is present in the DOM tree on each page specified in DATA_1","0","TC 02.01.40 - Check Subscribe Button is present in the DOM tree on each page specified in DATA_1","tests","Sun Mar 22 02:06:59 UTC 2026","skipped","Sun Mar 22 02:06:59 UTC 2026","TestFooter","test_footer","",""
"This test checks if the sign in info block in section 2 block 2 'home-t-shirts' is correct
            in the Promo Block under header on the main page","190","TC 13.01.25 - Check the display of the sign in block 2 'home-t-shirts' in the Promo Block","tests","Sun Mar 22 02:19:05 UTC 2026","broken","Sun Mar 22 02:19:05 UTC 2026","TestMainPage","test_main_page","",""
"Checks if Copyright section is present in the DOM tree on each page specified in DATA_1","5302","TC 02.01.33 - Check Copyright section is present in the DOM tree on each page specified in DATA_1","tests","Sun Mar 22 02:06:07 UTC 2026","broken","Sun Mar 22 02:06:12 UTC 2026","TestFooter","test_footer","",""
"Verify the link 'Gear' redirected to the page and the 'Gear' header is displayed","5314","TC 01.03.28 correctly redirected the link ""Gear""","tests","Sun Mar 22 02:12:13 UTC 2026","broken","Sun Mar 22 02:12:18 UTC 2026","TestHeader","test_header","",""
"Check Top Videos title has correct text and is visible","0","TC 16.02.05 Verify title Training is visible and contains text 'Top Videos'","tests","Sun Mar 22 02:38:22 UTC 2026","skipped","Sun Mar 22 02:38:22 UTC 2026","TestMainPage","test_training","",""
"Checks if Privacy and Cookie Policy link is visible on each page in DATA_1","5295","TC 02.01.09 - Check display of Privacy and Cookie Policy link on each page specified in DATA_1","tests","Sun Mar 22 02:04:10 UTC 2026","broken","Sun Mar 22 02:04:16 UTC 2026","TestFooter","test_footer","",""
"This test checks if block 1 'home-pants' in section 2 in the Promo Block is present
            in the DOM tree on the main page","5363","TC 13.01.44 - Check block 1 'home-pants' in section 2 of the Promo Block is present in the DOM tree","tests","Sun Mar 22 02:20:17 UTC 2026","broken","Sun Mar 22 02:20:23 UTC 2026","TestMainPage","test_main_page","",""
"Verify that the 'Forgot your password?' link is present","5115","TC 03.01.16 Verify Forgot Your Password link is present","tests","Sun Mar 22 02:34:31 UTC 2026","broken","Sun Mar 22 02:34:36 UTC 2026","TestRegisteredCustomers","test_sign_in","",""
"Checks if 'Contact us' link is visible on each page in DATA_1","0","TC 02.01.24 - Check display of 'Contact us' link on each page specified in DATA_1","tests","Sun Mar 22 02:06:06 UTC 2026","skipped","Sun Mar 22 02:06:06 UTC 2026","TestFooter","test_footer","",""
"Checks if Subscribe section is visible on each page in DATA_1","0","TC 02.01.39 - Check display of Subscribe section on each page specified in DATA_1","tests","Sun Mar 22 02:06:59 UTC 2026","skipped","Sun Mar 22 02:06:59 UTC 2026","TestFooter","test_footer","",""
"Check the 'Tops' & 'Bottoms' subsections in 'Men' section is displayed","5301","TC 01.03.15 display and interactivity of the ""Men"" section","tests","Sun Mar 22 02:12:06 UTC 2026","broken","Sun Mar 22 02:12:12 UTC 2026","TestHeader","test_header","",""
"Verify that text-1 in 'Luma hoodies' block correctly displayed","0","TC 14.06.35 Verify that the 'Luma hoodies' text is visible.","tests","Sun Mar 22 02:24:31 UTC 2026","skipped","Sun Mar 22 02:24:31 UTC 2026","TestMenPagePromoBlock","test_men","",""
"Check that remove button deletes item from the shipping page","0","tc 07.02.10 Verify that remove button deletes item from the shipping page","tests","Sun Mar 22 02:31:49 UTC 2026","broken","Sun Mar 22 02:31:49 UTC 2026","TestShoppingCartFull","test_shopping_cart","",""
"Verify that the image in the block 'Luma shorts' is displayed on the Men page","0","TC 14.06.22 Verify the visibility of the image in the 'Luma shorts' promo block.","tests","Sun Mar 22 02:24:31 UTC 2026","skipped","Sun Mar 22 02:24:31 UTC 2026","TestMenPagePromoBlock","test_men","",""
"Checks if text of Write for us link is correct on each page in DATA_1","0","TC 02.01.32 - Check text of Write for us link on each page specified in DATA_1","tests","Sun Mar 22 02:06:06 UTC 2026","skipped","Sun Mar 22 02:06:06 UTC 2026","TestFooter","test_footer","",""
"This test checks if Promo Block is present in the DOM tree on the main page","5312","TC 13.01.41 - Check Promo Block is present in the DOM tree","tests","Sun Mar 22 02:19:57 UTC 2026","broken","Sun Mar 22 02:20:03 UTC 2026","TestMainPage","test_main_page","",""
"Checks if the footer is present in the DOM tree on each page specified in DATA_1","0","TC 02.01.01 - Check Footer is present in the DOM tree on each page specified in DATA_1","tests","Sun Mar 22 02:02:56 UTC 2026","skipped","Sun Mar 22 02:02:56 UTC 2026","TestFooter","test_footer","",""
"Check that six elements in Women's Deals section are displayed and enabled","5113","TC 10.01.02, 10.01.04, 10.01.06, 10.01.08, 10.01.10, 10.01.12 - Verify 6 links in Women's Deals section are visible and clickable","tests","Sun Mar 22 02:26:06 UTC 2026","broken","Sun Mar 22 02:26:11 UTC 2026","TestSalePage","test_sale","",""
"Check that watches link is correct","5295","test_TC_11_01_07","tests","Sun Mar 22 02:09:26 UTC 2026","broken","Sun Mar 22 02:09:32 UTC 2026","TestGearPage","test_gear","",""
"This test checks if the sign in info block in section 2 block 3 'home-erin' is correct
            in the Promo Block under header on the main page","201","TC 13.01.30 - Check the display of the sign in block 3 'home-erin' in the Promo Block","tests","Sun Mar 22 02:19:20 UTC 2026","broken","Sun Mar 22 02:19:20 UTC 2026","TestMainPage","test_main_page","",""
"This test checks if block 5 'home-eco' is displayed in section 2
            of Promo Block under header on the main page","5301","TC 13.01.14 - Check display of block 5 'home-eco' in section 2 in the Promo Block","tests","Sun Mar 22 02:18:10 UTC 2026","broken","Sun Mar 22 02:18:16 UTC 2026","TestMainPage","test_main_page","",""
"This test checks if section 2 in the Promo Block is present in the DOM tree on the main page","5296","TC 13.01.43 - Check section 2 in the Promo Block is present in the DOM tree","tests","Sun Mar 22 02:20:11 UTC 2026","broken","Sun Mar 22 02:20:16 UTC 2026","TestMainPage","test_main_page","",""
"Check Success Login with correct credentials","5119","TC 03.02.06 Verify login with valid mix-cased email valid password - Positive","tests","Sun Mar 22 02:35:44 UTC 2026","broken","Sun Mar 22 02:35:49 UTC 2026","TestLogin","test_sign_in","",""
"Check if items are visible","5305","TC 12.05.01/02/03/04 Check the Sidebar text is visible","tests","Sun Mar 22 02:39:25 UTC 2026","broken","Sun Mar 22 02:39:30 UTC 2026","TestWomenPage","test_women","",""
"Verify the link 'Sale' is visible and interactive","5301","TC 01.03.35 visible and interactive the link ""Sale""","tests","Sun Mar 22 02:10:40 UTC 2026","broken","Sun Mar 22 02:10:45 UTC 2026","TestHeader","test_header","",""
"Check that two links in Gear Deals section lead to the correct pages after click","5112","TC 10.04.03, 10.04.06, 10.04.09 - Verify that links in Main block, 2 columns block open the correct pages","tests","Sun Mar 22 02:29:45 UTC 2026","broken","Sun Mar 22 02:29:50 UTC 2026","TestSalePage","test_sale","",""
"Check the 'Create an account' link is not displayed if the user is authorized","5309","TC 01.01.06 absence of the ""Create an account"" link display","tests","Sun Mar 22 02:12:53 UTC 2026","broken","Sun Mar 22 02:12:58 UTC 2026","TestHeader","test_header","",""
"Check error message for incorrect email format in email field","5124","TC 03.01.18 Verify Email field for correct email format","tests","Sun Mar 22 02:34:44 UTC 2026","broken","Sun Mar 22 02:34:49 UTC 2026","TestRegisteredCustomers","test_sign_in","",""
"Checks if text of Privacy and Cookie Policy link matches expected on each page in DATA_1","202","TC 02.01.12 - Check text of Privacy and Cookie Policy link on each page specified in DATA_1","tests","Sun Mar 22 02:04:37 UTC 2026","broken","Sun Mar 22 02:04:37 UTC 2026","TestFooter","test_footer","",""
"Checking title of the Shopping Options section","5297","test_tc_19_01_01","tests","Sun Mar 22 02:24:52 UTC 2026","broken","Sun Mar 22 02:24:58 UTC 2026","TestPromotionPantsPage","test_promotion_pants","",""
"Checks if Footer is visible on each page specified in DATA_1","5309","TC 02.01.02 - Check Footer display on each page specified in DATA_1","tests","Sun Mar 22 02:02:57 UTC 2026","broken","Sun Mar 22 02:03:03 UTC 2026","TestFooter","test_footer","",""
"Check img existence of Women's Deals section","5120","TC 10.04.01 - Verify that the Women Deals contains an image","tests","Sun Mar 22 02:28:52 UTC 2026","broken","Sun Mar 22 02:28:57 UTC 2026","TestSalePage","test_sale","",""
"Check that five elements in Men's Deals section are displayed and enabled","5115","TC 10.02.02, 10.02.04, 10.02.06, 10.02.08, 10.02.10 - Verify 5 links in Men's Deals section are visible and clickable","tests","Sun Mar 22 02:27:12 UTC 2026","broken","Sun Mar 22 02:27:17 UTC 2026","TestSalePage","test_sale","",""
"Verify that the link 'Jackets' is displayed and clickable","5298","TC 14.03.04 Verify the link 'Jackets' is visible and clickable.","tests","Sun Mar 22 02:23:13 UTC 2026","broken","Sun Mar 22 02:23:18 UTC 2026","TestMenPage","test_men","",""
"
        The user is NOT logged in, located in the product card, section ""Reviews""
        1. All required fields are filled with correct data
        2. Pressed 4 star
        3.The ""Submit Review"" button is pressed
        Result: Present in the DOM and visible on the page the message: ""You submitted your review for moderation.
        This code works when run on Win, Mac, Ubuntu on a real laptop and has the features of working on GitHub Action.
        When interacting with the GitHub Action, it checks not for the text of the ""Success"" message, but for the ""Success"" URL""
        ","5306","TC 01_15_01 Verify possibility to vote with 4 stars","tests","Sun Mar 22 02:25:26 UTC 2026","skipped","Sun Mar 22 02:25:31 UTC 2026","TestReviews","test_reviews_page","",""
"Check that Contact Us link in footer is correct","0","TC 02.02.05 - Check Contact Us link in footer leads to the correct page from each page specified in DATA_1","tests","Sun Mar 22 02:07:39 UTC 2026","skipped","Sun Mar 22 02:07:39 UTC 2026","TestFooter","test_footer","",""
"Check if all the fields are getting cleared after failed attempt to reset password with invalid captcha","0","TC 17.01.27 Verify all fields got cleared after the failed attempt to reset password","tests","Sun Mar 22 02:08:45 UTC 2026","skipped","Sun Mar 22 02:08:45 UTC 2026","TestForgotYourPasswordFunctionality","test_forgot_your_password","",""
"This test checks if Privacy and Cookie Policy link is clickable on each page specified in DATA_1","5269","TC 02.01.10 - Check if Privacy and Cookie Policy link is clickable on each page specified in DATA_1","tests","Sun Mar 22 02:04:30 UTC 2026","broken","Sun Mar 22 02:04:36 UTC 2026","TestFooter","test_footer","",""
"Check if the entered value is masked in password field","5116","TC 03.01.13 Verify Password is masked","tests","Sun Mar 22 02:34:11 UTC 2026","broken","Sun Mar 22 02:34:16 UTC 2026","TestRegisteredCustomers","test_sign_in","",""
"Check that fitness_equipment link is correct","5323","test_TC_11_01_05","tests","Sun Mar 22 02:09:13 UTC 2026","broken","Sun Mar 22 02:09:18 UTC 2026","TestGearPage","test_gear","",""
"Checks if placeholder in Subscribe Email Field is visible on each page in DATA_1","0","TC 02.01.50 - Check display of placeholder in Subscribe Email Field on each page specified in DATA_1","tests","Sun Mar 22 02:06:59 UTC 2026","skipped","Sun Mar 22 02:06:59 UTC 2026","TestFooter","test_footer","",""
"This test checks if Search Terms link is clickable on each page specified in DATA_1","5315","TC 02.01.05 - Check if Search Terms link is clickable on each page specified in DATA_1","tests","Sun Mar 22 02:03:37 UTC 2026","broken","Sun Mar 22 02:03:42 UTC 2026","TestFooter","test_footer","",""
"Verify that the image in the block 'Luma hoodies' is displayed on the Men page","0","TC 14.06.34 Verify the visibility of the image in the 'Luma hoodies' promo block.","tests","Sun Mar 22 02:24:31 UTC 2026","skipped","Sun Mar 22 02:24:31 UTC 2026","TestMenPagePromoBlock","test_men","",""
"Check 'Pants' subsection link click in 'Women' section redirects to the Pants page and         the 'Pants' header is displayed","5267","TC 01.03.13 correctness of the ""Pants"" link of the ""Women"" section","tests","Sun Mar 22 02:15:06 UTC 2026","broken","Sun Mar 22 02:15:11 UTC 2026","TestHeader","test_header","",""
"Verify the message 'You have no items in your wish list.' is visible","5290","TC 18.01.04 message no items to compare is displayed","tests","Sun Mar 22 02:38:45 UTC 2026","broken","Sun Mar 22 02:38:50 UTC 2026","TestTrainingVideoDownload","test_training_video_download","",""
"Verify that the block 'Luma shorts' is displayed on the Men page","0","TC 14.06.21 Verify the visibility of 'Luma shorts' promo block.","tests","Sun Mar 22 02:24:31 UTC 2026","skipped","Sun Mar 22 02:24:31 UTC 2026","TestMenPagePromoBlock","test_men","",""
"Check that table headers in item cart are visible","0","test_tc_07_02_02_Verify_table_headers_in_item_cart_are_visible[t_header1]","tests","Sun Mar 22 02:32:02 UTC 2026","broken","Sun Mar 22 02:32:02 UTC 2026","TestShoppingCartFull","test_shopping_cart","",""
"Check 'Tees' subsection link click in 'Women' section redirects to the Tees-women page and         the 'Tees' header is displayed","5287","TC 01.03.09 correctness of the ""Tees"" link of the ""Women"" section","tests","Sun Mar 22 02:14:39 UTC 2026","broken","Sun Mar 22 02:14:45 UTC 2026","TestHeader","test_header","",""
"Checks if text of Advanced Search link is correct on each page in DATA_1","202","TC 02.01.17 - Check text of Advanced Search link on each page specified in DATA_1","tests","Sun Mar 22 02:05:20 UTC 2026","broken","Sun Mar 22 02:05:20 UTC 2026","TestFooter","test_footer","",""
"Verify title 'Video Download' is visible","5304","TC 18.02.01 title ""Video Download"" is visible","tests","Sun Mar 22 02:38:51 UTC 2026","broken","Sun Mar 22 02:38:57 UTC 2026","TestTrainingVideoDownload","test_training_video_download","",""
"This test checks ""Orders and Returns"" form header is visible and has correct text","5130","TC 05.01.02 - Verify that 'Order and Returns' form header is present","tests","Sun Mar 22 02:24:39 UTC 2026","broken","Sun Mar 22 02:24:44 UTC 2026","TestOrdersAndReturnsPage","test_orders_and_returns","",""
" Verify presence of Password Strength hint and warning color of weak password ","5115","TC 04_02_09_13 Verify presence of strong password strength hint","tests","Sun Mar 22 02:02:31 UTC 2026","skipped","Sun Mar 22 02:02:36 UTC 2026","TestCreateAnAccount","test_create_an_account","",""
"This test checks if Search Terms link is underlined while hovering over it","5317","TC 02.01.06 Check if Search Terms link is interactive","tests","Sun Mar 22 02:03:50 UTC 2026","skipped","Sun Mar 22 02:03:56 UTC 2026","TestFooter","test_footer","",""
"Check that fitness_equipment is displayed and enabled","5299","test_tc_11_01_04","tests","Sun Mar 22 02:09:06 UTC 2026","broken","Sun Mar 22 02:09:12 UTC 2026","TestGearPage","test_gear","",""
"This test checks if block 2 'home-t-shirts' is displayed in section 2 of Promo Block under header
             on the Main Page","5284","TC 13.01.11 - Check display of block 2 'home-t-shirts' in section 2 in the Promo Block","tests","Sun Mar 22 02:17:50 UTC 2026","broken","Sun Mar 22 02:17:56 UTC 2026","TestMainPage","test_main_page","",""
"This test checks if Subscribe Button is clickable on each page specified in DATA_1","0","TC 02.01.42 - Check if Subscribe Button is clickable on each page specified in DATA_1","tests","Sun Mar 22 02:06:59 UTC 2026","skipped","Sun Mar 22 02:06:59 UTC 2026","TestFooter","test_footer","",""
"Verify that the link 'Shorts' correctly opens and redirects to a new webpage, the header 'Pants' is
              displayed","5282","TC 14.04.05 Verify the link 'Shorts' redirects to a correct page.","tests","Sun Mar 22 02:24:19 UTC 2026","broken","Sun Mar 22 02:24:24 UTC 2026","TestMenPage","test_men","",""
"Check error message on attempt to reset password with empty email field","5115","TC 17.01.25 Verify error on resetting My Password with empty email","tests","Sun Mar 22 02:08:40 UTC 2026","skipped","Sun Mar 22 02:08:45 UTC 2026","TestForgotYourPasswordFunctionality","test_forgot_your_password","",""
"Checks if Search Terms link is visible on each page in DATA_1","5306","TC 02.01.04 - Check display of Search Terms link on each page specified in DATA_1","tests","Sun Mar 22 02:03:31 UTC 2026","broken","Sun Mar 22 02:03:36 UTC 2026","TestFooter","test_footer","",""
"Check 'Pants' subsection link click in 'Men' section redirects to the Pants page and         the 'Pants' header is displayed","5301","TC 01.03.25 correctness of the ""Pants"" link of the ""Men"" section","tests","Sun Mar 22 02:11:53 UTC 2026","broken","Sun Mar 22 02:11:58 UTC 2026","TestHeader","test_header","",""
"This test checks that the card is interactive","5301","TC 06.01.02 - verify the card is interactive on hover","tests","Sun Mar 22 02:15:19 UTC 2026","skipped","Sun Mar 22 02:15:25 UTC 2026","TestMainPage","test_main_page","",""
"Checks if text on Subscribe Button is present in the DOM tree on each page specified in DATA_1","0","TC 02.01.44 - Check text on Subscribe Button is present in the DOM tree on each page specified in DATA_1","tests","Sun Mar 22 02:06:59 UTC 2026","skipped","Sun Mar 22 02:06:59 UTC 2026","TestFooter","test_footer","",""
"This test checks if block 1 'home-pants' is displayed in section 2 of Promo Block under header
            on the Main Page","5299","TC 13.01.10 - Check display of block 1 'home-pants' in section 2 in the Promo Block","tests","Sun Mar 22 02:17:44 UTC 2026","broken","Sun Mar 22 02:17:49 UTC 2026","TestMainPage","test_main_page","",""
"Check Success and Failed Login, no error validation","5291","TC 03.02.01 to 03_02_10 Verify Failed Login, no error validation","tests","Sun Mar 22 02:36:37 UTC 2026","broken","Sun Mar 22 02:36:42 UTC 2026","TestFailedLogin","test_sign_in","",""
"Check 'Tees' subsection link click in 'Men' section redirects to the Tees-men page and         the 'Tees' header is displayed","5270","TC 01.03.21 correctness of the ""Tees"" link of the ""Men"" section","tests","Sun Mar 22 02:13:40 UTC 2026","broken","Sun Mar 22 02:13:45 UTC 2026","TestHeader","test_header","",""
"Check title of Women's Deals section","5116","TC 10.01.01 - Verify 'WOMEN'S DEALS' title is correct","tests","Sun Mar 22 02:25:39 UTC 2026","broken","Sun Mar 22 02:25:44 UTC 2026","TestSalePage","test_sale","",""
"This test checks if Orders and Returns link is clickable on each page specified in DATA_1","5310","TC 02.01.20 - Check if Orders and Returns link is clickable on each page specified in DATA_1","tests","Sun Mar 22 02:05:57 UTC 2026","broken","Sun Mar 22 02:06:02 UTC 2026","TestFooter","test_footer","",""
"This test checks if the sign in info block in section 2 block 4 'home-performance' is correct
            in the Promo Block under header on the main page","192","TC 13.01.35 - Check the display of the sign in block 4 'home-performance' in the Promo Block","tests","Sun Mar 22 02:19:34 UTC 2026","broken","Sun Mar 22 02:19:35 UTC 2026","TestMainPage","test_main_page","",""
"Checks if Subscribe Email Field is visible on each page in DATA_1","0","TC 02.01.48 - Check display of Subscribe Email Field on each page specified in DATA_1","tests","Sun Mar 22 02:06:59 UTC 2026","skipped","Sun Mar 22 02:06:59 UTC 2026","TestFooter","test_footer","",""
"Check that six elements in Women's Deals section are displayed and enabled","5112","TC 10.01.02, 10.01.04, 10.01.06, 10.01.08, 10.01.10, 10.01.12 - Verify 6 links in Women's Deals section are visible and clickable","tests","Sun Mar 22 02:26:12 UTC 2026","broken","Sun Mar 22 02:26:18 UTC 2026","TestSalePage","test_sale","",""
"This test check the cursor change when hovering over the cart buttons","5306","test_tc_06_01_10_check_the_cursor_change_to_cart_button[add_to_compare]","tests","Sun Mar 22 02:16:14 UTC 2026","broken","Sun Mar 22 02:16:19 UTC 2026","TestMainPage","test_main_page","",""
"Verify the 'My Wish List' subtitle is visible","5320","TC 18.01.02 subtitle is displayed text My Wish List","tests","Sun Mar 22 02:38:31 UTC 2026","broken","Sun Mar 22 02:38:37 UTC 2026","TestTrainingVideoDownload","test_training_video_download","",""
"This test checks if the info block text in section 1 'home-main' is correct
            in the Promo Block under header on the Main Page","5312","TC 13.01.06 - Check the display of the info block text in section 1 'home-main' in the Promo Block","tests","Sun Mar 22 02:17:24 UTC 2026","broken","Sun Mar 22 02:17:29 UTC 2026","TestMainPage","test_main_page","",""
"Check that the captcha image is present by default","0","TC 17.01.18 Verify captcha image has alternative text","tests","Sun Mar 22 02:08:32 UTC 2026","skipped","Sun Mar 22 02:08:32 UTC 2026","TestForgotYourPassword","test_forgot_your_password","",""
"This test checks if Privacy and Cookie Policy link is clickable on each page specified in DATA_1","5296","TC 02.01.10 - Check if Privacy and Cookie Policy link is clickable on each page specified in DATA_1","tests","Sun Mar 22 02:04:24 UTC 2026","broken","Sun Mar 22 02:04:29 UTC 2026","TestFooter","test_footer","",""
" Verify presence of Email label and the required asterisk ","5132","TC 04_01_11 Verify presence of email label and the required asterisk","tests","Sun Mar 22 02:00:51 UTC 2026","broken","Sun Mar 22 02:00:56 UTC 2026","TestCreateAnAccount","test_create_an_account","",""
"This test checks if 'Subscribe to our mailing list' link is clickable on each page specified in DATA_1","0","TC 02.01.54 - Check if 'Subscribe to our mailing list' link is clickable on each page specified in DATA_1","tests","Sun Mar 22 02:06:59 UTC 2026","skipped","Sun Mar 22 02:06:59 UTC 2026","TestFooter","test_footer","",""
"Check the 'Bottoms' subsection in 'Women' section is displayed and the 'Pants' and 'Shorts'         subsections is displayed","5312","TC 01.03.11 display and interactivity of the ""Bottoms"" section of the ""Women"" section","tests","Sun Mar 22 02:14:53 UTC 2026","broken","Sun Mar 22 02:14:58 UTC 2026","TestHeader","test_header","",""
"Check Shopping Cart title is displayed correctly","0","tc 07.02.01 Verify that title Shopping Cart is displayed correctly when it is full","tests","Sun Mar 22 02:30:50 UTC 2026","broken","Sun Mar 22 02:30:50 UTC 2026","TestShoppingCartFull","test_shopping_cart","",""
"Checks if Write for us link is present in the DOM tree on each page specified in DATA_1","0","TC 02.01.28 - Check Write for us link is present in the DOM tree on each page specified in DATA_1","tests","Sun Mar 22 02:06:06 UTC 2026","skipped","Sun Mar 22 02:06:06 UTC 2026","TestFooter","test_footer","",""
"Check the dropdown button is displayed if the user is authorized","5299","TC 01.01.08 display of the dropdown list button ","tests","Sun Mar 22 02:13:06 UTC 2026","broken","Sun Mar 22 02:13:12 UTC 2026","TestHeader","test_header","",""
"Check if the Email input is of correct format (input-text) and clickable","5124","TC 17.01.04 Verify FYP Email field is correct format and clickable","tests","Sun Mar 22 02:08:00 UTC 2026","broken","Sun Mar 22 02:08:05 UTC 2026","TestForgotYourPassword","test_forgot_your_password","",""
"Verify 'Sale' link click redirected to the page and the 'Sale' header is displayed","5327","TC 01.03.36 correctly redirected the link sale","tests","Sun Mar 22 02:10:06 UTC 2026","broken","Sun Mar 22 02:10:12 UTC 2026","TestHeader","test_header","",""
"Check Sidebar Category title has correct text and is visible","5115","TC 16.01.06 Verify Sidebar panel title My Wish List is visible and contains text 'My Wish List'","tests","Sun Mar 22 02:38:10 UTC 2026","broken","Sun Mar 22 02:38:15 UTC 2026","TestMainPage","test_training","",""
"Check that transfers between pages by clicking on links in the footer are correct","0","TC 02.03.01 - Check correct transfers by clicking on links in the footer","tests","Sun Mar 22 02:07:39 UTC 2026","skipped","Sun Mar 22 02:07:39 UTC 2026","TestFooter","test_footer","",""
"Check Login Page Heading is present ","5120","TC 17.01.01 Verify Forgot Your Password Page h1 Header","tests","Sun Mar 22 02:07:40 UTC 2026","broken","Sun Mar 22 02:07:45 UTC 2026","TestForgotYourPassword","test_forgot_your_password","",""
"Verify that the block 'Last chance for pants' is displayed on the Men page","0","TC 14.06.15 Verify the visibility of 'Last chance for pants' promo block.","tests","Sun Mar 22 02:24:31 UTC 2026","skipped","Sun Mar 22 02:24:31 UTC 2026","TestMenPagePromoBlock","test_men","",""
"Verify that the link 'Tanks' is displayed and clickable","5290","TC 14.03.08 Verify the link 'Tanks' is visible and clickable.","tests","Sun Mar 22 02:23:39 UTC 2026","broken","Sun Mar 22 02:23:44 UTC 2026","TestMenPage","test_men","",""
"This test checks if the info block text in section 2 block 2 'home-t-shirts' is correct
            in the Promo Block under header on the main page","211","TC 13.01.24 - Check the display of the text in block 2 'home-t-shirts' in the Promo Block","tests","Sun Mar 22 02:19:03 UTC 2026","broken","Sun Mar 22 02:19:04 UTC 2026","TestMainPage","test_main_page","",""
"This test checks if Write for us link is clickable on each page specified in DATA_1","0","TC 02.01.30 - Check if Write for us link is clickable on each page specified in DATA_1","tests","Sun Mar 22 02:06:06 UTC 2026","skipped","Sun Mar 22 02:06:06 UTC 2026","TestFooter","test_footer","",""
"
        Check the Password field is activated with a cursor and gets highlighted when clicked
        ","5115","TC 03.01.12 Verify Password field highlighting on click","tests","Sun Mar 22 02:34:04 UTC 2026","broken","Sun Mar 22 02:34:09 UTC 2026","TestRegisteredCustomers","test_sign_in","",""
"Check that five links in Men's Deals section lead to the correct pages after click","5121","TC 10.02.03, 10.02.05, 10.02.07, 10.02.09, 10.02.11 - Verify 5 links in Men's Deals open the correct pages","tests","Sun Mar 22 02:28:12 UTC 2026","broken","Sun Mar 22 02:28:17 UTC 2026","TestSalePage","test_sale","",""
"This test checks if the info block title in section 2 block 1 'home-pants' is correct
            in the Promo Block under header on the Main Page","5304","TC 13.01.18 - Check the display of the title in block 1 'home-pants' in the Promo Block","tests","Sun Mar 22 02:18:32 UTC 2026","broken","Sun Mar 22 02:18:37 UTC 2026","TestMainPage","test_main_page","",""
"Check the ""Search"" field is activated and the drop-down list appears with various product","5289","TC 01.02.02 functionality of the ""Search"" field","tests","Sun Mar 22 02:10:26 UTC 2026","broken","Sun Mar 22 02:10:32 UTC 2026","TestHeader","test_header","",""
"
        Check the Email field is activated with a cursor and gets highlighted when clicked
        ","5116","TC 17.01.06 Verify FYP Email field highlighting on click","tests","Sun Mar 22 02:08:13 UTC 2026","broken","Sun Mar 22 02:08:19 UTC 2026","TestForgotYourPassword","test_forgot_your_password","",""
"
        The user is NOT logged in, located in the product card, section ""Reviews""
        1. All required fields are filled with correct data
        2. Pressed 1 star
        3.The ""Submit Review"" button is pressed
        Result: Present in the DOM and visible on the page the message: ""You submitted your review for moderation.""
        This code works when run on Win, Mac, Ubuntu on a real laptop and has the features of working on GitHub Action.
        When interacting with the GitHub Action, it checks not for the text of the ""Success"" message, but for the ""Success"" URL""
        ","5307","TC 01_15_01 Verify possibility to vote with 1 star","tests","Sun Mar 22 02:25:06 UTC 2026","broken","Sun Mar 22 02:25:11 UTC 2026","TestReviews","test_reviews_page","",""
"Check that table headers in item cart are visible","0","test_tc_07_02_02_Verify_table_headers_in_item_cart_are_visible[t_header0]","tests","Sun Mar 22 02:31:56 UTC 2026","broken","Sun Mar 22 02:31:56 UTC 2026","TestShoppingCartFull","test_shopping_cart","",""
"Checks if text of Search Terms link is correct on each page in DATA_1","0","TC 02.01.07 - Check text of Search Terms link on each page specified in DATA_1","tests","Sun Mar 22 02:03:56 UTC 2026","skipped","Sun Mar 22 02:03:56 UTC 2026","TestFooter","test_footer","",""
"Check that six elements in Women's Deals section are displayed and enabled","5126","TC 10.01.02, 10.01.04, 10.01.06, 10.01.08, 10.01.10, 10.01.12 - Verify 6 links in Women's Deals section are visible and clickable","tests","Sun Mar 22 02:25:52 UTC 2026","broken","Sun Mar 22 02:25:58 UTC 2026","TestSalePage","test_sale","",""
"Check that the captcha image is present by default","0","TC 17.01.17 Verify captcha image is present by default","tests","Sun Mar 22 02:08:32 UTC 2026","skipped","Sun Mar 22 02:08:32 UTC 2026","TestForgotYourPassword","test_forgot_your_password","",""
"Verify that text-1 in 'Luma shorts' block correctly displayed","0","TC 14.06.23 Verify that the 'Luma shorts' text is visible.","tests","Sun Mar 22 02:24:31 UTC 2026","skipped","Sun Mar 22 02:24:31 UTC 2026","TestMenPagePromoBlock","test_men","",""
"This test checks if section 1 in the Promo Block is present in the DOM tree on the main page","5311","TC 13.01.42 - Check section 1 in the Promo Block is present in the DOM tree","tests","Sun Mar 22 02:20:04 UTC 2026","broken","Sun Mar 22 02:20:09 UTC 2026","TestMainPage","test_main_page","",""
"This test checks if the image in section 2 block 1 'home-pants' is correct","204","TC 13.01.16 - Check correctness of the image in block 1 'home-pants' in the Promo Block","tests","Sun Mar 22 02:18:24 UTC 2026","broken","Sun Mar 22 02:18:24 UTC 2026","TestMainPage","test_main_page","",""
"Verify that text-3 in 'Luma hoodies' block correctly displayed","0","TC 14.06.37 Verify that the 'Shop Hoodies' text is visible.","tests","Sun Mar 22 02:24:31 UTC 2026","skipped","Sun Mar 22 02:24:31 UTC 2026","TestMenPagePromoBlock","test_men","",""
"Check error on Failed Login with invalid credentials, case-sensitive password and password with spaces","5113","TC 03.02.02 to 03_02_10 Verify Error on Failed Login with invalid credentials","tests","Sun Mar 22 02:37:30 UTC 2026","broken","Sun Mar 22 02:37:35 UTC 2026","TestFailedLogin","test_sign_in","",""
"Checks if text of 'Subscribe to our mailing list' link is correct on each page in DATA_1","0","TC 02.01.56 - Check text of 'Subscribe to our mailing list' link on each page specified in DATA_1","tests","Sun Mar 22 02:06:59 UTC 2026","skipped","Sun Mar 22 02:06:59 UTC 2026","TestFooter","test_footer","",""
"This test checks if the info block title in section 2 block 3 'home-erin' is correct
            in the Promo Block under header on the main page","218","TC 13.01.28 - Check the display of the title in block 3 'home-erin' in the Promo Block","tests","Sun Mar 22 02:19:16 UTC 2026","broken","Sun Mar 22 02:19:17 UTC 2026","TestMainPage","test_main_page","",""
"Check 'Bottoms' subsection link in 'Men' section click redirects to the Bottoms page and         the 'Bottoms' header is displayed","5315","TC 01.03.24 correctness of the ""Bottoms"" link of the ""Men"" section","tests","Sun Mar 22 02:11:46 UTC 2026","broken","Sun Mar 22 02:11:52 UTC 2026","TestHeader","test_header","",""
"Check that Advanced Search link in footer is correct","5304","TC 02.02.03 - Check Advanced Search link in footer leads to the correct page from each page specified in DATA_1","tests","Sun Mar 22 02:07:13 UTC 2026","broken","Sun Mar 22 02:07:19 UTC 2026","TestFooter","test_footer","",""
"Check error on Failed Login with invalid credentials, case-sensitive password and password with spaces","5121","TC 03.02.02 to 03_02_10 Verify Error on Failed Login with invalid credentials","tests","Sun Mar 22 02:37:04 UTC 2026","broken","Sun Mar 22 02:37:09 UTC 2026","TestFailedLogin","test_sign_in","",""
"Verify that the click on the block 'Luma tees' correctly redirects to a new webpage","0","TC 14.06.32 Verify the click on the block 'Luma tees' redirects to a correct page.","tests","Sun Mar 22 02:24:31 UTC 2026","skipped","Sun Mar 22 02:24:31 UTC 2026","TestMenPagePromoBlock","test_men","",""
"Checks if Subscribe Button is present in the DOM tree on each page specified in DATA_1","0","TC 02.01.40 - Check Subscribe Button is present in the DOM tree on each page specified in DATA_1","tests","Sun Mar 22 02:06:59 UTC 2026","skipped","Sun Mar 22 02:06:59 UTC 2026","TestFooter","test_footer","",""
"Checks if Copyright text is present in the DOM tree on each page specified in DATA_1","5309","TC 02.01.35 - Check Copyright text is present in the DOM tree on each page specified in DATA_1","tests","Sun Mar 22 02:06:40 UTC 2026","broken","Sun Mar 22 02:06:45 UTC 2026","TestFooter","test_footer","",""
"Check Success Login with correct credentials","5112","TC 03.02.01 Verify login with valid email valid password - Positive","tests","Sun Mar 22 02:35:24 UTC 2026","broken","Sun Mar 22 02:35:29 UTC 2026","TestLogin","test_sign_in","",""
"Check Success and Failed Login, no error validation","5299","TC 03.02.01 to 03_02_10 Verify Failed Login, no error validation","tests","Sun Mar 22 02:36:17 UTC 2026","broken","Sun Mar 22 02:36:22 UTC 2026","TestFailedLogin","test_sign_in","",""
"Checks if 'Subscribe to our mailing list' link is visible on each page specified in DATA_1","0","TC 02.01.53 - Check 'Subscribe to our mailing list' link is visible on each page specified in DATA_1","tests","Sun Mar 22 02:06:59 UTC 2026","skipped","Sun Mar 22 02:06:59 UTC 2026","TestFooter","test_footer","",""
"This test checks if the image in section 2 block 5 'home-eco' is correct","176","TC 13.01.36_01 - Check correctness of the image in block 5 'home-eco' in the Promo Block","tests","Sun Mar 22 02:19:44 UTC 2026","broken","Sun Mar 22 02:19:44 UTC 2026","TestMainPage","test_main_page","",""
"Check that five links in Men's Deals section lead to the correct pages after click","5117","TC 10.02.03, 10.02.05, 10.02.07, 10.02.09, 10.02.11 - Verify 5 links in Men's Deals open the correct pages","tests","Sun Mar 22 02:27:52 UTC 2026","broken","Sun Mar 22 02:27:57 UTC 2026","TestSalePage","test_sale","",""
"Verify that the image in the block 'Luma tees' is displayed on the Men page","0","TC 14.06.28 Verify the visibility of the image in the 'Luma tees' promo block.","tests","Sun Mar 22 02:24:31 UTC 2026","skipped","Sun Mar 22 02:24:31 UTC 2026","TestMenPagePromoBlock","test_men","",""
"Checks if Copyright text is visible on each page in DATA_1","5293","TC 02.01.36 - Check display of Copyright text on each page specified in DATA_1","tests","Sun Mar 22 02:06:47 UTC 2026","broken","Sun Mar 22 02:06:52 UTC 2026","TestFooter","test_footer","",""
"Check that five elements in Men's Deals section are displayed and enabled","5131","TC 10.02.02, 10.02.04, 10.02.06, 10.02.08, 10.02.10 - Verify 5 links in Men's Deals section are visible and clickable","tests","Sun Mar 22 02:27:32 UTC 2026","broken","Sun Mar 22 02:27:37 UTC 2026","TestSalePage","test_sale","",""
" Verify presence of Password label and the required asterisk ","5117","TC 04_01_13 Verify presence of Password label and the required asterisk","tests","Sun Mar 22 02:01:04 UTC 2026","broken","Sun Mar 22 02:01:09 UTC 2026","TestCreateAnAccount","test_create_an_account","",""
"Check error message on attempt to reset password with invalid captcha","0","TC 17.01.24 Verify Error on resetting My Password with invalid captcha","tests","Sun Mar 22 02:08:39 UTC 2026","skipped","Sun Mar 22 02:08:39 UTC 2026","TestForgotYourPasswordFunctionality","test_forgot_your_password","",""
" Verify that First name input field highlighted when label is clicked","5114","TC 04_01_04 Verify First name input field highlighting on label click","tests","Sun Mar 22 02:00:11 UTC 2026","broken","Sun Mar 22 02:00:16 UTC 2026","TestCreateAnAccount","test_create_an_account","",""
"This test checks that button Add to Cart is visible on the product card when hover by product","5264","test_tc_06_01_08_check_btn_add_to_cart_is_visible","tests","Sun Mar 22 02:15:48 UTC 2026","broken","Sun Mar 22 02:15:53 UTC 2026","TestMainPage","test_main_page","",""
"Check if items are visible","5299","TC 12.05.01/02/03/04 Check the Sidebar text is visible","tests","Sun Mar 22 02:39:38 UTC 2026","broken","Sun Mar 22 02:39:43 UTC 2026","TestWomenPage","test_women","",""
"This test checks Order ID input field is visible","5118","TC 05.01.03 - Verify that 'Order ID' input field is visible","tests","Sun Mar 22 02:24:46 UTC 2026","broken","Sun Mar 22 02:24:51 UTC 2026","TestOrdersAndReturnsPage","test_orders_and_returns","",""
"Checks if placeholder in Email field is present in the DOM tree on each page specified in DATA_1","0","TC 02.01.49 - Check placeholder in Subscribe Email Field is present in the DOM tree on each page specified in DATA_1","tests","Sun Mar 22 02:06:59 UTC 2026","skipped","Sun Mar 22 02:06:59 UTC 2026","TestFooter","test_footer","",""
"This test checks if Search Terms link is clickable on each page specified in DATA_1","5288","TC 02.01.05 - Check if Search Terms link is clickable on each page specified in DATA_1","tests","Sun Mar 22 02:03:44 UTC 2026","broken","Sun Mar 22 02:03:49 UTC 2026","TestFooter","test_footer","",""
"This test checks if block 5 'home-eco' in section 2 in the Promo Block is present
            in the DOM tree on the main page","5259","TC 13.01.48 - Check block 5 'home-eco' in section 2 of the Promo Block is present in the DOM tree","tests","Sun Mar 22 02:20:44 UTC 2026","broken","Sun Mar 22 02:20:49 UTC 2026","TestMainPage","test_main_page","",""
"Checks if Privacy and Cookie Policy link is visible on each page in DATA_1","5304","TC 02.01.09 - Check display of Privacy and Cookie Policy link on each page specified in DATA_1","tests","Sun Mar 22 02:04:17 UTC 2026","broken","Sun Mar 22 02:04:22 UTC 2026","TestFooter","test_footer","",""
"Check error on Failed Login with invalid credentials, case-sensitive password and password with spaces","5115","TC 03.02.02 to 03_02_10 Verify Error on Failed Login with invalid credentials","tests","Sun Mar 22 02:37:10 UTC 2026","broken","Sun Mar 22 02:37:15 UTC 2026","TestFailedLogin","test_sign_in","",""
"Verify the 'Compare Products' subtitle is visible","5301","TC 18.01.01 subtitle is displayed text compare products","tests","Sun Mar 22 02:38:25 UTC 2026","broken","Sun Mar 22 02:38:30 UTC 2026","TestTrainingVideoDownload","test_training_video_download","",""
"Verify that text-3 in 'Save up to $24!' block correctly displayed","0","TC 14.06.13 Verify that the 'Shop Tees' text in the 'Save up to $24!' promo block is visible.","tests","Sun Mar 22 02:24:31 UTC 2026","skipped","Sun Mar 22 02:24:31 UTC 2026","TestMenPagePromoBlock","test_men","",""
"This test checks if Orders and Returns link is clickable on each page specified in DATA_1","5299","TC 02.01.20 - Check if Orders and Returns link is clickable on each page specified in DATA_1","tests","Sun Mar 22 02:05:50 UTC 2026","broken","Sun Mar 22 02:05:55 UTC 2026","TestFooter","test_footer","",""
"Checks if Email field in Subscribe section is present in the DOM tree on each page specified in DATA_1","0","TC 02.01.47 - Check Email field in Subscribe section is present in the DOM tree on each page specified in DATA_1","tests","Sun Mar 22 02:06:59 UTC 2026","skipped","Sun Mar 22 02:06:59 UTC 2026","TestFooter","test_footer","",""
"Check 'Hoodies & Sweatshirts' subsection link click in 'Women' section redirects to the         Hoodies & Sweatshirts-women page and the 'Hoodies & Sweatshirts' header is displayed","5310","TC 01.03.08 correctness of the ""Hoodies & Sweatshirts"" link of the ""Women"" section","tests","Sun Mar 22 02:14:33 UTC 2026","broken","Sun Mar 22 02:14:38 UTC 2026","TestHeader","test_header","",""
"Check that Search Terms link in footer is correct","0","TC 02.02.01 - Check Search Terms link in footer leads to the correct page from each page specified in DATA_1","tests","Sun Mar 22 02:06:59 UTC 2026","skipped","Sun Mar 22 02:06:59 UTC 2026","TestFooter","test_footer","",""
"Check that six links in Women's Deals section lead to the correct pages after click","5112","TC 10.01.03, 10.01.05, 10.01.07, 10.01.09, 10.01.11, 10.01.13 - Verify 6 links in Women's Deals open the correct pages","tests","Sun Mar 22 02:26:26 UTC 2026","broken","Sun Mar 22 02:26:31 UTC 2026","TestSalePage","test_sale","",""
"Check that the 'Reset My Password' button is clickable","5115","TC 17.01.20 Verify Reset My Password button is clickable","tests","Sun Mar 22 02:08:33 UTC 2026","broken","Sun Mar 22 02:08:38 UTC 2026","TestForgotYourPassword","test_forgot_your_password","",""
" Verify that customer can't Create An Account with empty confirm password","5113","test 04.02.06 create an account with empty confirm password","tests","Sun Mar 22 02:02:11 UTC 2026","broken","Sun Mar 22 02:02:16 UTC 2026","TestCreateAnAccount","test_create_an_account","",""
"Check Success and Failed Login, no error validation","5308","TC 03.02.01 to 03_02_10 Verify Failed Login, no error validation","tests","Sun Mar 22 02:36:43 UTC 2026","broken","Sun Mar 22 02:36:49 UTC 2026","TestFailedLogin","test_sign_in","",""
"Verify that the link 'Pants' correctly opens and redirects to a new webpage, the header 'Pants' is
              displayed","5304","TC 14.04.03 Verify the link 'Pants' redirects to a correct page.","tests","Sun Mar 22 02:24:06 UTC 2026","broken","Sun Mar 22 02:24:11 UTC 2026","TestMenPage","test_men","",""
"Check the 'Tops' subsection in 'Women' section is displayed and the 'Jackets', 'Shorts',         'Hoodies & Sweatshirts', 'Tees' and 'Bras & Tanks' subsections is displayed","5303","TC 01.03.05 display and interactivity of the ""Tops"" section of the ""Women"" section","tests","Sun Mar 22 02:14:13 UTC 2026","broken","Sun Mar 22 02:14:18 UTC 2026","TestHeader","test_header","",""
"Checks if text of placeholder in Subscribe Email Field is correct on each page in DATA_1","0","TC 02.01.51 - Check text of placeholder in Subscribe Email Field on each page specified in DATA_1","tests","Sun Mar 22 02:06:59 UTC 2026","skipped","Sun Mar 22 02:06:59 UTC 2026","TestFooter","test_footer","",""
"Check Sidebar Shop By title has correct text and is visible","5116","TC 16.01.01 Verify Sidebar panel title Shop By is visible and contains text 'Shop By'","tests","Sun Mar 22 02:37:37 UTC 2026","broken","Sun Mar 22 02:37:42 UTC 2026","TestMainPage","test_training","",""
"Verify subtotal for items: subtotal = price * qty and displayed correctly.","0","tc 07.02.21 Verify subtotal for items: subtotal = price * qty and displayed correctly.","tests","Sun Mar 22 02:31:29 UTC 2026","broken","Sun Mar 22 02:31:29 UTC 2026","TestShoppingCartFull","test_shopping_cart","",""
"Check Login Page Heading is present ","48","TC 03.01.01 Verify Sign In Page h1 Header","tests","Sun Mar 22 02:32:56 UTC 2026","failed","Sun Mar 22 02:32:56 UTC 2026","TestRegisteredCustomers","test_sign_in","",""
"This test checks if the info block title in section 2 block 2 'home-t-shirts' is correct
            in the Promo Block under header on the main page","165","TC 13.01.23 - Check the display of the title in block 2 'home-t-shirts' in the Promo Block","tests","Sun Mar 22 02:19:02 UTC 2026","broken","Sun Mar 22 02:19:02 UTC 2026","TestMainPage","test_main_page","",""
"Check that the 'Proceed to checkout' button is displayed and clickable.","0","tc 07.02.07 Verify that 'Proceed to checkout' button is displayed and clickable","tests","Sun Mar 22 02:31:16 UTC 2026","broken","Sun Mar 22 02:31:16 UTC 2026","TestShoppingCartFull","test_shopping_cart","",""
"Verify that text-1 in 'Save up to $24!' block correctly displayed","0","TC 14.06.11 Verify that the 'Save up to $24!' text in the 'Save up to $24!' promo block is visible.","tests","Sun Mar 22 02:24:31 UTC 2026","skipped","Sun Mar 22 02:24:31 UTC 2026","TestMenPagePromoBlock","test_men","",""
"Check if Email field is appropriately labeled ","5115","TC 03.01.06 Verify Email field is appropriately labeled","tests","Sun Mar 22 02:33:24 UTC 2026","broken","Sun Mar 22 02:33:29 UTC 2026","TestRegisteredCustomers","test_sign_in","",""
"Check that message coupon code is not valid is displayed correct","0","tc 07.02.25 Verify the message coupon code is not valid is displayed correct","tests","Sun Mar 22 02:32:35 UTC 2026","broken","Sun Mar 22 02:32:35 UTC 2026","TestShoppingCartFull","test_shopping_cart","",""
"Check title of Gear Deals section","5115","TC 10.03.01 - Verify 'GEAR DEALS' title is correct","tests","Sun Mar 22 02:28:19 UTC 2026","broken","Sun Mar 22 02:28:24 UTC 2026","TestSalePage","test_sale","",""
"Checks if text of Copyright section is correct on each page in DATA_1","0","TC 02.01.37 - Check text of Copyright section on each page specified in DATA_1","tests","Sun Mar 22 02:06:59 UTC 2026","skipped","Sun Mar 22 02:06:59 UTC 2026","TestFooter","test_footer","",""
" Verify that Confirm Password input field highlighted when clicked","5113","TC 04_01_17 Verify Confirm Password input field highlighting on click","tests","Sun Mar 22 02:01:31 UTC 2026","broken","Sun Mar 22 02:01:36 UTC 2026","TestCreateAnAccount","test_create_an_account","",""
"Check that entered quantity displayed correctly after changing.","0","tc 07.02.04 Verify that entered quantity displayed correctly after changing","tests","Sun Mar 22 02:31:03 UTC 2026","broken","Sun Mar 22 02:31:03 UTC 2026","TestShoppingCartFull","test_shopping_cart","",""
"Check that six links in Women's Deals section lead to the correct pages after click","5118","TC 10.01.03, 10.01.05, 10.01.07, 10.01.09, 10.01.11, 10.01.13 - Verify 6 links in Women's Deals open the correct pages","tests","Sun Mar 22 02:26:59 UTC 2026","broken","Sun Mar 22 02:27:04 UTC 2026","TestSalePage","test_sale","",""
"Check Sidebar Category title has correct text and is visible","5117","TC 16.01.05 Verify Sidebar panel title Compare Products is visible and contains text 'Compare Products'","tests","Sun Mar 22 02:38:03 UTC 2026","broken","Sun Mar 22 02:38:09 UTC 2026","TestMainPage","test_training","",""
"Check the 'Men' section click redirects to the Men page and the 'Men' header is displayed","5281","TC 01.03.16 correctness of the ""Men"" section link","tests","Sun Mar 22 02:12:40 UTC 2026","broken","Sun Mar 22 02:12:45 UTC 2026","TestHeader","test_header","",""
"Verify that the link 'Tops' correctly opens and redirects to a new webpage, the header 'Tops' is
              displayed","5308","TC 14.02.03 Verify the link Tops redirects to a correct page.","tests","Sun Mar 22 02:22:17 UTC 2026","broken","Sun Mar 22 02:22:23 UTC 2026","TestMenPage","test_men","",""
"Check 'Jackets' subsection link click in 'Women' section redirects to the Jackets-women page and         the 'Jackets' header is displayed","5312","TC 01.03.07 correctness of the ""Jackets"" link of the ""Women"" section","tests","Sun Mar 22 02:14:26 UTC 2026","broken","Sun Mar 22 02:14:31 UTC 2026","TestHeader","test_header","",""
"Check title-text and content-text in 2 columns block - Gear Deals","5126","TC 10.04.08 - Verify the text in 2 columns block - Gear Deals","tests","Sun Mar 22 02:29:25 UTC 2026","broken","Sun Mar 22 02:29:30 UTC 2026","TestSalePage","test_sale","",""
"Verify subtotal in summary: subtotal = price * qty and displayed correctly.","0","tc 07.02.22 Verify subtotal in Summury Card: subtotal = price * qty and displayed correctly.","tests","Sun Mar 22 02:31:36 UTC 2026","broken","Sun Mar 22 02:31:36 UTC 2026","TestShoppingCartFull","test_shopping_cart","",""
"This test checks if the info block text in section 2 block 3 'home-erin' is correct
            in the Promo Block under header on the main page","196","TC 13.01.29 - Check the display of the text in block 3 'home-erin' in the Promo Block","tests","Sun Mar 22 02:19:18 UTC 2026","broken","Sun Mar 22 02:19:18 UTC 2026","TestMainPage","test_main_page","",""
"Check Training title has correct text and is visible","5124","TC 16.02.01 Verify title Training is visible and contains text 'Training'","tests","Sun Mar 22 02:38:17 UTC 2026","broken","Sun Mar 22 02:38:22 UTC 2026","TestMainPage","test_training","",""
"This test checks if info block in section 2 block 5 'home-eco' is displayed
            in the Promo Block under header on the Main Page","5303","TC 13.01.37 - Check the display of the info block in block 5 'home-eco' in the Promo Block","tests","Sun Mar 22 02:19:46 UTC 2026","broken","Sun Mar 22 02:19:51 UTC 2026","TestMainPage","test_main_page","",""
"Checks if Advanced Search link is present in the DOM tree on each page specified in DATA_1","5319","TC 02.01.13 - Check Advanced Search link is present in the DOM tree on each page specified in DATA_1","tests","Sun Mar 22 02:04:47 UTC 2026","broken","Sun Mar 22 02:04:52 UTC 2026","TestFooter","test_footer","",""
